,ALDER,KOMGRP,TID,INDHOLD
0,Alder i alt,Hele landet,2024,4139094
1,Alder i alt,Hovedstadskommuner,2024,1216678
2,Alder i alt,Storbykommuner,2024,590351
3,Alder i alt,Provinsbykommuner,2024,931291
4,Alder i alt,Oplandskommuner,2024,637015
5,Alder i alt,Landkommuner,2024,763759
6,Alder i alt,København,2024,523292
7,Alder i alt,Frederiksberg,2024,77388
8,Alder i alt,Dragør,2024,8887
9,Alder i alt,Tårnby,2024,29920
10,Alder i alt,Albertslund,2024,19150
11,Alder i alt,Ballerup,2024,35688
12,Alder i alt,Brøndby,2024,28222
13,Alder i alt,Gentofte,2024,49964
14,Alder i alt,Gladsaxe,2024,49452
15,Alder i alt,Glostrup,2024,17139
16,Alder i alt,Herlev,2024,20828
17,Alder i alt,Hvidovre,2024,36932
18,Alder i alt,Høje-Taastrup,2024,41684
19,Alder i alt,Ishøj,2024,16992
20,Alder i alt,Lyngby-Taarbæk,2024,40686
21,Alder i alt,Rødovre,2024,31086
22,Alder i alt,Vallensbæk,2024,12083
23,Alder i alt,Allerød,2024,16705
24,Alder i alt,Egedal,2024,30361
25,Alder i alt,Fredensborg,2024,27060
26,Alder i alt,Frederikssund,2024,31249
27,Alder i alt,Furesø,2024,27043
28,Alder i alt,Gribskov,2024,27164
29,Alder i alt,Halsnæs,2024,20707
30,Alder i alt,Helsingør,2024,42008
31,Alder i alt,Hillerød,2024,37646
32,Alder i alt,Hørsholm,2024,15372
33,Alder i alt,Rudersdal,2024,36583
34,Alder i alt,Bornholm,2024,24765
35,Alder i alt,Christiansø,2024,65
36,Alder i alt,Greve,2024,35120
37,Alder i alt,Køge,2024,43114
38,Alder i alt,Lejre,2024,19382
39,Alder i alt,Roskilde,2024,62736
40,Alder i alt,Solrød,2024,16101
41,Alder i alt,Faxe,2024,25751
42,Alder i alt,Guldborgsund,2024,38917
43,Alder i alt,Holbæk,2024,50280
44,Alder i alt,Kalundborg,2024,32516
45,Alder i alt,Lolland,2024,25317
46,Alder i alt,Næstved,2024,57826
47,Alder i alt,Odsherred,2024,20409
48,Alder i alt,Ringsted,2024,25497
49,Alder i alt,Slagelse,2024,55045
50,Alder i alt,Sorø,2024,20598
51,Alder i alt,Stevns,2024,15476
52,Alder i alt,Vordingborg,2024,29747
53,Alder i alt,Assens,2024,26822
54,Alder i alt,Faaborg-Midtfyn,2024,34220
55,Alder i alt,Kerteminde,2024,15507
56,Alder i alt,Langeland,2024,7490
57,Alder i alt,Middelfart,2024,26696
58,Alder i alt,Nordfyns,2024,19721
59,Alder i alt,Nyborg,2024,21408
60,Alder i alt,Odense,2024,151903
61,Alder i alt,Svendborg,2024,39341
62,Alder i alt,Ærø,2024,3601
63,Alder i alt,Billund,2024,18205
64,Alder i alt,Esbjerg,2024,78072
65,Alder i alt,Fanø,2024,1906
66,Alder i alt,Fredericia,2024,35900
67,Alder i alt,Haderslev,2024,37123
68,Alder i alt,Kolding,2024,65835
69,Alder i alt,Sønderborg,2024,49064
70,Alder i alt,Tønder,2024,23867
71,Alder i alt,Varde,2024,32615
72,Alder i alt,Vejen,2024,28698
73,Alder i alt,Vejle,2024,83360
74,Alder i alt,Aabenraa,2024,38645
75,Alder i alt,Favrskov,2024,32668
76,Alder i alt,Hedensted,2024,32491
77,Alder i alt,Horsens,2024,67043
78,Alder i alt,Norddjurs,2024,24432
79,Alder i alt,Odder,2024,15543
80,Alder i alt,Randers,2024,68394
81,Alder i alt,Samsø,2024,2247
82,Alder i alt,Silkeborg,2024,68027
83,Alder i alt,Skanderborg,2024,42544
84,Alder i alt,Syddjurs,2024,28370
85,Alder i alt,Aarhus,2024,277565
86,Alder i alt,Herning,2024,60745
87,Alder i alt,Holstebro,2024,39531
88,Alder i alt,Ikast-Brande,2024,28966
89,Alder i alt,Lemvig,2024,12322
90,Alder i alt,Ringkøbing-Skjern,2024,36910
91,Alder i alt,Skive,2024,29448
92,Alder i alt,Struer,2024,13167
93,Alder i alt,Viborg,2024,66009
94,Alder i alt,Brønderslev,2024,24069
95,Alder i alt,Frederikshavn,2024,37726
96,Alder i alt,Hjørring,2024,42024
97,Alder i alt,Jammerbugt,2024,24721
98,Alder i alt,Læsø,2024,991
99,Alder i alt,Mariagerfjord,2024,27756
100,Alder i alt,Morsø,2024,12705
101,Alder i alt,Rebild,2024,20197
102,Alder i alt,Thisted,2024,28030
103,Alder i alt,Vesthimmerlands,2024,23618
104,Alder i alt,Aalborg,2024,160883
105,15-19 år,Hele landet,2024,352288
106,15-19 år,Hovedstadskommuner,2024,91822
107,15-19 år,Storbykommuner,2024,42225
108,15-19 år,Provinsbykommuner,2024,87082
109,15-19 år,Oplandskommuner,2024,61060
110,15-19 år,Landkommuner,2024,70099
111,15-19 år,København,2024,28091
112,15-19 år,Frederiksberg,2024,4832
113,15-19 år,Dragør,2024,952
114,15-19 år,Tårnby,2024,2896
115,15-19 år,Albertslund,2024,1842
116,15-19 år,Ballerup,2024,3135
117,15-19 år,Brøndby,2024,2302
118,15-19 år,Gentofte,2024,5547
119,15-19 år,Gladsaxe,2024,4474
120,15-19 år,Glostrup,2024,1302
121,15-19 år,Herlev,2024,1877
122,15-19 år,Hvidovre,2024,3312
123,15-19 år,Høje-Taastrup,2024,3395
124,15-19 år,Ishøj,2024,1499
125,15-19 år,Lyngby-Taarbæk,2024,3806
126,15-19 år,Rødovre,2024,2571
127,15-19 år,Vallensbæk,2024,1112
128,15-19 år,Allerød,2024,1927
129,15-19 år,Egedal,2024,3150
130,15-19 år,Fredensborg,2024,2627
131,15-19 år,Frederikssund,2024,2923
132,15-19 år,Furesø,2024,2872
133,15-19 år,Gribskov,2024,2425
134,15-19 år,Halsnæs,2024,1763
135,15-19 år,Helsingør,2024,3991
136,15-19 år,Hillerød,2024,3576
137,15-19 år,Hørsholm,2024,1711
138,15-19 år,Rudersdal,2024,4154
139,15-19 år,Bornholm,2024,2029
140,15-19 år,Christiansø,2024,6
141,15-19 år,Greve,2024,3414
142,15-19 år,Køge,2024,3990
143,15-19 år,Lejre,2024,1931
144,15-19 år,Roskilde,2024,6202
145,15-19 år,Solrød,2024,1649
146,15-19 år,Faxe,2024,2333
147,15-19 år,Guldborgsund,2024,3173
148,15-19 år,Holbæk,2024,4859
149,15-19 år,Kalundborg,2024,2908
150,15-19 år,Lolland,2024,1967
151,15-19 år,Næstved,2024,5315
152,15-19 år,Odsherred,2024,1687
153,15-19 år,Ringsted,2024,2219
154,15-19 år,Slagelse,2024,4696
155,15-19 år,Sorø,2024,1959
156,15-19 år,Stevns,2024,1366
157,15-19 år,Vordingborg,2024,2545
158,15-19 år,Assens,2024,2507
159,15-19 år,Faaborg-Midtfyn,2024,3259
160,15-19 år,Kerteminde,2024,1351
161,15-19 år,Langeland,2024,521
162,15-19 år,Middelfart,2024,2586
163,15-19 år,Nordfyns,2024,1866
164,15-19 år,Nyborg,2024,2167
165,15-19 år,Odense,2024,11806
166,15-19 år,Svendborg,2024,3748
167,15-19 år,Ærø,2024,307
168,15-19 år,Billund,2024,1693
169,15-19 år,Esbjerg,2024,6811
170,15-19 år,Fanø,2024,192
171,15-19 år,Fredericia,2024,3104
172,15-19 år,Haderslev,2024,3558
173,15-19 år,Kolding,2024,6314
174,15-19 år,Sønderborg,2024,4841
175,15-19 år,Tønder,2024,2156
176,15-19 år,Varde,2024,3015
177,15-19 år,Vejen,2024,2713
178,15-19 år,Vejle,2024,7720
179,15-19 år,Aabenraa,2024,3724
180,15-19 år,Favrskov,2024,3530
181,15-19 år,Hedensted,2024,3147
182,15-19 år,Horsens,2024,5983
183,15-19 år,Norddjurs,2024,2286
184,15-19 år,Odder,2024,1514
185,15-19 år,Randers,2024,6115
186,15-19 år,Samsø,2024,139
187,15-19 år,Silkeborg,2024,6612
188,15-19 år,Skanderborg,2024,4514
189,15-19 år,Syddjurs,2024,2572
190,15-19 år,Aarhus,2024,18317
191,15-19 år,Herning,2024,5864
192,15-19 år,Holstebro,2024,3921
193,15-19 år,Ikast-Brande,2024,2891
194,15-19 år,Lemvig,2024,1119
195,15-19 år,Ringkøbing-Skjern,2024,3800
196,15-19 år,Skive,2024,2774
197,15-19 år,Struer,2024,1364
198,15-19 år,Viborg,2024,6868
199,15-19 år,Brønderslev,2024,2417
200,15-19 år,Frederikshavn,2024,3191
201,15-19 år,Hjørring,2024,3880
202,15-19 år,Jammerbugt,2024,2348
203,15-19 år,Læsø,2024,62
204,15-19 år,Mariagerfjord,2024,2476
205,15-19 år,Morsø,2024,1243
206,15-19 år,Rebild,2024,2038
207,15-19 år,Thisted,2024,2718
208,15-19 år,Vesthimmerlands,2024,2212
209,15-19 år,Aalborg,2024,12102
210,20-24 år,Hele landet,2024,379082
211,20-24 år,Hovedstadskommuner,2024,125575
212,20-24 år,Storbykommuner,2024,89846
213,20-24 år,Provinsbykommuner,2024,73838
214,20-24 år,Oplandskommuner,2024,39277
215,20-24 år,Landkommuner,2024,50546
216,20-24 år,København,2024,66587
217,20-24 år,Frederiksberg,2024,9389
218,20-24 år,Dragør,2024,391
219,20-24 år,Tårnby,2024,2094
220,20-24 år,Albertslund,2024,2081
221,20-24 år,Ballerup,2024,3083
222,20-24 år,Brøndby,2024,2730
223,20-24 år,Gentofte,2024,3472
224,20-24 år,Gladsaxe,2024,4348
225,20-24 år,Glostrup,2024,1538
226,20-24 år,Herlev,2024,1750
227,20-24 år,Hvidovre,2024,3063
228,20-24 år,Høje-Taastrup,2024,3759
229,20-24 år,Ishøj,2024,1661
230,20-24 år,Lyngby-Taarbæk,2024,4696
231,20-24 år,Rødovre,2024,2479
232,20-24 år,Vallensbæk,2024,1103
233,20-24 år,Allerød,2024,953
234,20-24 år,Egedal,2024,1842
235,20-24 år,Fredensborg,2024,1627
236,20-24 år,Frederikssund,2024,2061
237,20-24 år,Furesø,2024,1552
238,20-24 år,Gribskov,2024,1648
239,20-24 år,Halsnæs,2024,1266
240,20-24 år,Helsingør,2024,2841
241,20-24 år,Hillerød,2024,2938
242,20-24 år,Hørsholm,2024,845
243,20-24 år,Rudersdal,2024,2613
244,20-24 år,Bornholm,2024,1280
245,20-24 år,Christiansø,2024,2
246,20-24 år,Greve,2024,2553
247,20-24 år,Køge,2024,3193
248,20-24 år,Lejre,2024,1105
249,20-24 år,Roskilde,2024,5564
250,20-24 år,Solrød,2024,993
251,20-24 år,Faxe,2024,1615
252,20-24 år,Guldborgsund,2024,2575
253,20-24 år,Holbæk,2024,3601
254,20-24 år,Kalundborg,2024,2180
255,20-24 år,Lolland,2024,1466
256,20-24 år,Næstved,2024,4454
257,20-24 år,Odsherred,2024,1228
258,20-24 år,Ringsted,2024,1939
259,20-24 år,Slagelse,2024,4613
260,20-24 år,Sorø,2024,1202
261,20-24 år,Stevns,2024,833
262,20-24 år,Vordingborg,2024,1959
263,20-24 år,Assens,2024,1600
264,20-24 år,Faaborg-Midtfyn,2024,1973
265,20-24 år,Kerteminde,2024,907
266,20-24 år,Langeland,2024,386
267,20-24 år,Middelfart,2024,1527
268,20-24 år,Nordfyns,2024,1078
269,20-24 år,Nyborg,2024,1364
270,20-24 år,Odense,2024,20621
271,20-24 år,Svendborg,2024,2847
272,20-24 år,Ærø,2024,172
273,20-24 år,Billund,2024,1296
274,20-24 år,Esbjerg,2024,6464
275,20-24 år,Fanø,2024,67
276,20-24 år,Fredericia,2024,2723
277,20-24 år,Haderslev,2024,2713
278,20-24 år,Kolding,2024,5596
279,20-24 år,Sønderborg,2024,3732
280,20-24 år,Tønder,2024,1545
281,20-24 år,Varde,2024,2169
282,20-24 år,Vejen,2024,1966
283,20-24 år,Vejle,2024,6355
284,20-24 år,Aabenraa,2024,2616
285,20-24 år,Favrskov,2024,1909
286,20-24 år,Hedensted,2024,2018
287,20-24 år,Horsens,2024,5786
288,20-24 år,Norddjurs,2024,1680
289,20-24 år,Odder,2024,979
290,20-24 år,Randers,2024,5339
291,20-24 år,Samsø,2024,85
292,20-24 år,Silkeborg,2024,4694
293,20-24 år,Skanderborg,2024,2421
294,20-24 år,Syddjurs,2024,1627
295,20-24 år,Aarhus,2024,47300
296,20-24 år,Herning,2024,4949
297,20-24 år,Holstebro,2024,3452
298,20-24 år,Ikast-Brande,2024,1984
299,20-24 år,Lemvig,2024,858
300,20-24 år,Ringkøbing-Skjern,2024,2611
301,20-24 år,Skive,2024,2106
302,20-24 år,Struer,2024,888
303,20-24 år,Viborg,2024,4877
304,20-24 år,Brønderslev,2024,1442
305,20-24 år,Frederikshavn,2024,2231
306,20-24 år,Hjørring,2024,2871
307,20-24 år,Jammerbugt,2024,1474
308,20-24 år,Læsø,2024,43
309,20-24 år,Mariagerfjord,2024,1702
310,20-24 år,Morsø,2024,848
311,20-24 år,Rebild,2024,1027
312,20-24 år,Thisted,2024,1937
313,20-24 år,Vesthimmerlands,2024,1537
314,20-24 år,Aalborg,2024,21925
315,25-29 år,Hele landet,2024,409126
316,25-29 år,Hovedstadskommuner,2024,151827
317,25-29 år,Storbykommuner,2024,92441
318,25-29 år,Provinsbykommuner,2024,75591
319,25-29 år,Oplandskommuner,2024,38468
320,25-29 år,Landkommuner,2024,50799
321,25-29 år,København,2024,92810
322,25-29 år,Frederiksberg,2024,11731
323,25-29 år,Dragør,2024,244
324,25-29 år,Tårnby,2024,1773
325,25-29 år,Albertslund,2024,1814
326,25-29 år,Ballerup,2024,3065
327,25-29 år,Brøndby,2024,3012
328,25-29 år,Gentofte,2024,3146
329,25-29 år,Gladsaxe,2024,4582
330,25-29 år,Glostrup,2024,1679
331,25-29 år,Herlev,2024,1876
332,25-29 år,Hvidovre,2024,3070
333,25-29 år,Høje-Taastrup,2024,4581
334,25-29 år,Ishøj,2024,1720
335,25-29 år,Lyngby-Taarbæk,2024,3938
336,25-29 år,Rødovre,2024,2839
337,25-29 år,Vallensbæk,2024,996
338,25-29 år,Allerød,2024,606
339,25-29 år,Egedal,2024,1554
340,25-29 år,Fredensborg,2024,1455
341,25-29 år,Frederikssund,2024,1857
342,25-29 år,Furesø,2024,1142
343,25-29 år,Gribskov,2024,1445
344,25-29 år,Halsnæs,2024,1154
345,25-29 år,Helsingør,2024,2519
346,25-29 år,Hillerød,2024,2951
347,25-29 år,Hørsholm,2024,690
348,25-29 år,Rudersdal,2024,1822
349,25-29 år,Bornholm,2024,1475
350,25-29 år,Christiansø,2024,0
351,25-29 år,Greve,2024,2200
352,25-29 år,Køge,2024,3250
353,25-29 år,Lejre,2024,950
354,25-29 år,Roskilde,2024,4848
355,25-29 år,Solrød,2024,937
356,25-29 år,Faxe,2024,1699
357,25-29 år,Guldborgsund,2024,2696
358,25-29 år,Holbæk,2024,3533
359,25-29 år,Kalundborg,2024,2296
360,25-29 år,Lolland,2024,1623
361,25-29 år,Næstved,2024,4611
362,25-29 år,Odsherred,2024,1144
363,25-29 år,Ringsted,2024,1997
364,25-29 år,Slagelse,2024,5050
365,25-29 år,Sorø,2024,1272
366,25-29 år,Stevns,2024,798
367,25-29 år,Vordingborg,2024,1856
368,25-29 år,Assens,2024,1551
369,25-29 år,Faaborg-Midtfyn,2024,2050
370,25-29 år,Kerteminde,2024,949
371,25-29 år,Langeland,2024,365
372,25-29 år,Middelfart,2024,1583
373,25-29 år,Nordfyns,2024,1220
374,25-29 år,Nyborg,2024,1305
375,25-29 år,Odense,2024,21693
376,25-29 år,Svendborg,2024,2619
377,25-29 år,Ærø,2024,189
378,25-29 år,Billund,2024,1284
379,25-29 år,Esbjerg,2024,7097
380,25-29 år,Fanø,2024,54
381,25-29 år,Fredericia,2024,2868
382,25-29 år,Haderslev,2024,2609
383,25-29 år,Kolding,2024,5625
384,25-29 år,Sønderborg,2024,3296
385,25-29 år,Tønder,2024,1586
386,25-29 år,Varde,2024,2314
387,25-29 år,Vejen,2024,2140
388,25-29 år,Vejle,2024,6813
389,25-29 år,Aabenraa,2024,2544
390,25-29 år,Favrskov,2024,1774
391,25-29 år,Hedensted,2024,2143
392,25-29 år,Horsens,2024,6114
393,25-29 år,Norddjurs,2024,1685
394,25-29 år,Odder,2024,834
395,25-29 år,Randers,2024,5841
396,25-29 år,Samsø,2024,96
397,25-29 år,Silkeborg,2024,4961
398,25-29 år,Skanderborg,2024,1907
399,25-29 år,Syddjurs,2024,1460
400,25-29 år,Aarhus,2024,48496
401,25-29 år,Herning,2024,4908
402,25-29 år,Holstebro,2024,3262
403,25-29 år,Ikast-Brande,2024,2212
404,25-29 år,Lemvig,2024,728
405,25-29 år,Ringkøbing-Skjern,2024,2564
406,25-29 år,Skive,2024,2032
407,25-29 år,Struer,2024,789
408,25-29 år,Viborg,2024,4873
409,25-29 år,Brønderslev,2024,1644
410,25-29 år,Frederikshavn,2024,2384
411,25-29 år,Hjørring,2024,2970
412,25-29 år,Jammerbugt,2024,1577
413,25-29 år,Læsø,2024,62
414,25-29 år,Mariagerfjord,2024,1933
415,25-29 år,Morsø,2024,882
416,25-29 år,Rebild,2024,1180
417,25-29 år,Thisted,2024,1923
418,25-29 år,Vesthimmerlands,2024,1580
419,25-29 år,Aalborg,2024,22252
420,30-34 år,Hele landet,2024,410270
421,30-34 år,Hovedstadskommuner,2024,143842
422,30-34 år,Storbykommuner,2024,63715
423,30-34 år,Provinsbykommuner,2024,87405
424,30-34 år,Oplandskommuner,2024,54071
425,30-34 år,Landkommuner,2024,61237
426,30-34 år,København,2024,78098
427,30-34 år,Frederiksberg,2024,9904
428,30-34 år,Dragør,2024,521
429,30-34 år,Tårnby,2024,2554
430,30-34 år,Albertslund,2024,1780
431,30-34 år,Ballerup,2024,3531
432,30-34 år,Brøndby,2024,3058
433,30-34 år,Gentofte,2024,3604
434,30-34 år,Gladsaxe,2024,4839
435,30-34 år,Glostrup,2024,1922
436,30-34 år,Herlev,2024,1981
437,30-34 år,Hvidovre,2024,3369
438,30-34 år,Høje-Taastrup,2024,4809
439,30-34 år,Ishøj,2024,1754
440,30-34 år,Lyngby-Taarbæk,2024,3261
441,30-34 år,Rødovre,2024,3428
442,30-34 år,Vallensbæk,2024,1376
443,30-34 år,Allerød,2024,1219
444,30-34 år,Egedal,2024,2846
445,30-34 år,Fredensborg,2024,2143
446,30-34 år,Frederikssund,2024,2533
447,30-34 år,Furesø,2024,1979
448,30-34 år,Gribskov,2024,1915
449,30-34 år,Halsnæs,2024,1576
450,30-34 år,Helsingør,2024,3205
451,30-34 år,Hillerød,2024,3480
452,30-34 år,Hørsholm,2024,1005
453,30-34 år,Rudersdal,2024,2335
454,30-34 år,Bornholm,2024,1853
455,30-34 år,Christiansø,2024,2
456,30-34 år,Greve,2024,3206
457,30-34 år,Køge,2024,4047
458,30-34 år,Lejre,2024,1502
459,30-34 år,Roskilde,2024,5304
460,30-34 år,Solrød,2024,1463
461,30-34 år,Faxe,2024,2221
462,30-34 år,Guldborgsund,2024,3174
463,30-34 år,Holbæk,2024,4284
464,30-34 år,Kalundborg,2024,2602
465,30-34 år,Lolland,2024,1777
466,30-34 år,Næstved,2024,5055
467,30-34 år,Odsherred,2024,1377
468,30-34 år,Ringsted,2024,2418
469,30-34 år,Slagelse,2024,5077
470,30-34 år,Sorø,2024,1718
471,30-34 år,Stevns,2024,1153
472,30-34 år,Vordingborg,2024,2209
473,30-34 år,Assens,2024,2199
474,30-34 år,Faaborg-Midtfyn,2024,3011
475,30-34 år,Kerteminde,2024,1233
476,30-34 år,Langeland,2024,434
477,30-34 år,Middelfart,2024,2384
478,30-34 år,Nordfyns,2024,1595
479,30-34 år,Nyborg,2024,1782
480,30-34 år,Odense,2024,16195
481,30-34 år,Svendborg,2024,3259
482,30-34 år,Ærø,2024,210
483,30-34 år,Billund,2024,1541
484,30-34 år,Esbjerg,2024,7509
485,30-34 år,Fanø,2024,89
486,30-34 år,Fredericia,2024,3308
487,30-34 år,Haderslev,2024,3059
488,30-34 år,Kolding,2024,6181
489,30-34 år,Sønderborg,2024,3907
490,30-34 år,Tønder,2024,1874
491,30-34 år,Varde,2024,2786
492,30-34 år,Vejen,2024,2461
493,30-34 år,Vejle,2024,8287
494,30-34 år,Aabenraa,2024,3161
495,30-34 år,Favrskov,2024,3011
496,30-34 år,Hedensted,2024,2814
497,30-34 år,Horsens,2024,7077
498,30-34 år,Norddjurs,2024,1991
499,30-34 år,Odder,2024,1231
500,30-34 år,Randers,2024,6652
501,30-34 år,Samsø,2024,126
502,30-34 år,Silkeborg,2024,7084
503,30-34 år,Skanderborg,2024,3847
504,30-34 år,Syddjurs,2024,2347
505,30-34 år,Aarhus,2024,30685
506,30-34 år,Herning,2024,5648
507,30-34 år,Holstebro,2024,3603
508,30-34 år,Ikast-Brande,2024,2669
509,30-34 år,Lemvig,2024,889
510,30-34 år,Ringkøbing-Skjern,2024,3024
511,30-34 år,Skive,2024,2312
512,30-34 år,Struer,2024,973
513,30-34 år,Viborg,2024,5888
514,30-34 år,Brønderslev,2024,2286
515,30-34 år,Frederikshavn,2024,2900
516,30-34 år,Hjørring,2024,3490
517,30-34 år,Jammerbugt,2024,2076
518,30-34 år,Læsø,2024,52
519,30-34 år,Mariagerfjord,2024,2427
520,30-34 år,Morsø,2024,1023
521,30-34 år,Rebild,2024,2024
522,30-34 år,Thisted,2024,2414
523,30-34 år,Vesthimmerlands,2024,1940
524,30-34 år,Aalborg,2024,16835
525,35-39 år,Hele landet,2024,367658
526,35-39 år,Hovedstadskommuner,2024,120354
527,35-39 år,Storbykommuner,2024,47979
528,35-39 år,Provinsbykommuner,2024,81888
529,35-39 år,Oplandskommuner,2024,56099
530,35-39 år,Landkommuner,2024,61338
531,35-39 år,København,2024,54010
532,35-39 år,Frederiksberg,2024,6759
533,35-39 år,Dragør,2024,787
534,35-39 år,Tårnby,2024,3060
535,35-39 år,Albertslund,2024,1723
536,35-39 år,Ballerup,2024,3673
537,35-39 år,Brøndby,2024,2823
538,35-39 år,Gentofte,2024,3909
539,35-39 år,Gladsaxe,2024,5018
540,35-39 år,Glostrup,2024,1771
541,35-39 år,Herlev,2024,2036
542,35-39 år,Hvidovre,2024,3821
543,35-39 år,Høje-Taastrup,2024,4446
544,35-39 år,Ishøj,2024,1751
545,35-39 år,Lyngby-Taarbæk,2024,3383
546,35-39 år,Rødovre,2024,3314
547,35-39 år,Vallensbæk,2024,1355
548,35-39 år,Allerød,2024,1687
549,35-39 år,Egedal,2024,3000
550,35-39 år,Fredensborg,2024,2568
551,35-39 år,Frederikssund,2024,2478
552,35-39 år,Furesø,2024,2760
553,35-39 år,Gribskov,2024,1988
554,35-39 år,Halsnæs,2024,1615
555,35-39 år,Helsingør,2024,3491
556,35-39 år,Hillerød,2024,3460
557,35-39 år,Hørsholm,2024,1205
558,35-39 år,Rudersdal,2024,3187
559,35-39 år,Bornholm,2024,1899
560,35-39 år,Christiansø,2024,6
561,35-39 år,Greve,2024,3255
562,35-39 år,Køge,2024,3851
563,35-39 år,Lejre,2024,1859
564,35-39 år,Roskilde,2024,5078
565,35-39 år,Solrød,2024,1621
566,35-39 år,Faxe,2024,2238
567,35-39 år,Guldborgsund,2024,3081
568,35-39 år,Holbæk,2024,4380
569,35-39 år,Kalundborg,2024,2575
570,35-39 år,Lolland,2024,1987
571,35-39 år,Næstved,2024,4846
572,35-39 år,Odsherred,2024,1429
573,35-39 år,Ringsted,2024,2374
574,35-39 år,Slagelse,2024,4422
575,35-39 år,Sorø,2024,1832
576,35-39 år,Stevns,2024,1303
577,35-39 år,Vordingborg,2024,2261
578,35-39 år,Assens,2024,2244
579,35-39 år,Faaborg-Midtfyn,2024,2974
580,35-39 år,Kerteminde,2024,1319
581,35-39 år,Langeland,2024,530
582,35-39 år,Middelfart,2024,2142
583,35-39 år,Nordfyns,2024,1572
584,35-39 år,Nyborg,2024,1650
585,35-39 år,Odense,2024,12469
586,35-39 år,Svendborg,2024,3437
587,35-39 år,Ærø,2024,219
588,35-39 år,Billund,2024,1695
589,35-39 år,Esbjerg,2024,6711
590,35-39 år,Fanø,2024,118
591,35-39 år,Fredericia,2024,2948
592,35-39 år,Haderslev,2024,2993
593,35-39 år,Kolding,2024,5798
594,35-39 år,Sønderborg,2024,3828
595,35-39 år,Tønder,2024,1967
596,35-39 år,Varde,2024,2719
597,35-39 år,Vejen,2024,2522
598,35-39 år,Vejle,2024,7884
599,35-39 år,Aabenraa,2024,3089
600,35-39 år,Favrskov,2024,3120
601,35-39 år,Hedensted,2024,2776
602,35-39 år,Horsens,2024,6501
603,35-39 år,Norddjurs,2024,1914
604,35-39 år,Odder,2024,1382
605,35-39 år,Randers,2024,6009
606,35-39 år,Samsø,2024,148
607,35-39 år,Silkeborg,2024,6545
608,35-39 år,Skanderborg,2024,4556
609,35-39 år,Syddjurs,2024,2427
610,35-39 år,Aarhus,2024,22257
611,35-39 år,Herning,2024,5377
612,35-39 år,Holstebro,2024,3412
613,35-39 år,Ikast-Brande,2024,2704
614,35-39 år,Lemvig,2024,918
615,35-39 år,Ringkøbing-Skjern,2024,2964
616,35-39 år,Skive,2024,2382
617,35-39 år,Struer,2024,946
618,35-39 år,Viborg,2024,5555
619,35-39 år,Brønderslev,2024,2171
620,35-39 år,Frederikshavn,2024,3028
621,35-39 år,Hjørring,2024,3340
622,35-39 år,Jammerbugt,2024,2028
623,35-39 år,Læsø,2024,47
624,35-39 år,Mariagerfjord,2024,2232
625,35-39 år,Morsø,2024,965
626,35-39 år,Rebild,2024,2076
627,35-39 år,Thisted,2024,2368
628,35-39 år,Vesthimmerlands,2024,2054
629,35-39 år,Aalborg,2024,13253
630,40-44 år,Hele landet,2024,338593
631,40-44 år,Hovedstadskommuner,2024,104650
632,40-44 år,Storbykommuner,2024,41787
633,40-44 år,Provinsbykommuner,2024,77057
634,40-44 år,Oplandskommuner,2024,54201
635,40-44 år,Landkommuner,2024,60898
636,40-44 år,København,2024,41438
637,40-44 år,Frederiksberg,2024,5722
638,40-44 år,Dragør,2024,874
639,40-44 år,Tårnby,2024,3029
640,40-44 år,Albertslund,2024,1691
641,40-44 år,Ballerup,2024,3152
642,40-44 år,Brøndby,2024,2565
643,40-44 år,Gentofte,2024,4259
644,40-44 år,Gladsaxe,2024,4819
645,40-44 år,Glostrup,2024,1510
646,40-44 år,Herlev,2024,2015
647,40-44 år,Hvidovre,2024,3754
648,40-44 år,Høje-Taastrup,2024,3884
649,40-44 år,Ishøj,2024,1629
650,40-44 år,Lyngby-Taarbæk,2024,3515
651,40-44 år,Rødovre,2024,3071
652,40-44 år,Vallensbæk,2024,1292
653,40-44 år,Allerød,2024,1570
654,40-44 år,Egedal,2024,2710
655,40-44 år,Fredensborg,2024,2413
656,40-44 år,Frederikssund,2024,2381
657,40-44 år,Furesø,2024,2837
658,40-44 år,Gribskov,2024,1953
659,40-44 år,Halsnæs,2024,1594
660,40-44 år,Helsingør,2024,3184
661,40-44 år,Hillerød,2024,3168
662,40-44 år,Hørsholm,2024,1267
663,40-44 år,Rudersdal,2024,3253
664,40-44 år,Bornholm,2024,1946
665,40-44 år,Christiansø,2024,6
666,40-44 år,Greve,2024,3228
667,40-44 år,Køge,2024,3450
668,40-44 år,Lejre,2024,1729
669,40-44 år,Roskilde,2024,5282
670,40-44 år,Solrød,2024,1566
671,40-44 år,Faxe,2024,2032
672,40-44 år,Guldborgsund,2024,3087
673,40-44 år,Holbæk,2024,4121
674,40-44 år,Kalundborg,2024,2541
675,40-44 år,Lolland,2024,1958
676,40-44 år,Næstved,2024,4617
677,40-44 år,Odsherred,2024,1508
678,40-44 år,Ringsted,2024,2144
679,40-44 år,Slagelse,2024,4173
680,40-44 år,Sorø,2024,1746
681,40-44 år,Stevns,2024,1295
682,40-44 år,Vordingborg,2024,2306
683,40-44 år,Assens,2024,2211
684,40-44 år,Faaborg-Midtfyn,2024,2883
685,40-44 år,Kerteminde,2024,1219
686,40-44 år,Langeland,2024,595
687,40-44 år,Middelfart,2024,2012
688,40-44 år,Nordfyns,2024,1672
689,40-44 år,Nyborg,2024,1712
690,40-44 år,Odense,2024,10769
691,40-44 år,Svendborg,2024,3377
692,40-44 år,Ærø,2024,243
693,40-44 år,Billund,2024,1752
694,40-44 år,Esbjerg,2024,6295
695,40-44 år,Fanø,2024,140
696,40-44 år,Fredericia,2024,3145
697,40-44 år,Haderslev,2024,3078
698,40-44 år,Kolding,2024,5458
699,40-44 år,Sønderborg,2024,3938
700,40-44 år,Tønder,2024,1835
701,40-44 år,Varde,2024,2698
702,40-44 år,Vejen,2024,2603
703,40-44 år,Vejle,2024,7261
704,40-44 år,Aabenraa,2024,3181
705,40-44 år,Favrskov,2024,3087
706,40-44 år,Hedensted,2024,2861
707,40-44 år,Horsens,2024,5838
708,40-44 år,Norddjurs,2024,1819
709,40-44 år,Odder,2024,1306
710,40-44 år,Randers,2024,5657
711,40-44 år,Samsø,2024,167
712,40-44 år,Silkeborg,2024,5598
713,40-44 år,Skanderborg,2024,4253
714,40-44 år,Syddjurs,2024,2439
715,40-44 år,Aarhus,2024,19047
716,40-44 år,Herning,2024,5014
717,40-44 år,Holstebro,2024,3320
718,40-44 år,Ikast-Brande,2024,2663
719,40-44 år,Lemvig,2024,870
720,40-44 år,Ringkøbing-Skjern,2024,2954
721,40-44 år,Skive,2024,2261
722,40-44 år,Struer,2024,1024
723,40-44 år,Viborg,2024,5597
724,40-44 år,Brønderslev,2024,2017
725,40-44 år,Frederikshavn,2024,3049
726,40-44 år,Hjørring,2024,3290
727,40-44 år,Jammerbugt,2024,1973
728,40-44 år,Læsø,2024,46
729,40-44 år,Mariagerfjord,2024,2244
730,40-44 år,Morsø,2024,946
731,40-44 år,Rebild,2024,1872
732,40-44 år,Thisted,2024,2131
733,40-44 år,Vesthimmerlands,2024,1918
734,40-44 år,Aalborg,2024,11971
735,45-49 år,Hele landet,2024,371868
736,45-49 år,Hovedstadskommuner,2024,107720
737,45-49 år,Storbykommuner,2024,43281
738,45-49 år,Provinsbykommuner,2024,87779
739,45-49 år,Oplandskommuner,2024,63064
740,45-49 år,Landkommuner,2024,70024
741,45-49 år,København,2024,39755
742,45-49 år,Frederiksberg,2024,6342
743,45-49 år,Dragør,2024,1141
744,45-49 år,Tårnby,2024,3340
745,45-49 år,Albertslund,2024,1814
746,45-49 år,Ballerup,2024,3304
747,45-49 år,Brøndby,2024,2539
748,45-49 år,Gentofte,2024,5231
749,45-49 år,Gladsaxe,2024,4806
750,45-49 år,Glostrup,2024,1595
751,45-49 år,Herlev,2024,2091
752,45-49 år,Hvidovre,2024,3833
753,45-49 år,Høje-Taastrup,2024,3891
754,45-49 år,Ishøj,2024,1581
755,45-49 år,Lyngby-Taarbæk,2024,3730
756,45-49 år,Rødovre,2024,3008
757,45-49 år,Vallensbæk,2024,1173
758,45-49 år,Allerød,2024,1788
759,45-49 år,Egedal,2024,3235
760,45-49 år,Fredensborg,2024,2717
761,45-49 år,Frederikssund,2024,2947
762,45-49 år,Furesø,2024,2930
763,45-49 år,Gribskov,2024,2446
764,45-49 år,Halsnæs,2024,2051
765,45-49 år,Helsingør,2024,3814
766,45-49 år,Hillerød,2024,3527
767,45-49 år,Hørsholm,2024,1563
768,45-49 år,Rudersdal,2024,3858
769,45-49 år,Bornholm,2024,2208
770,45-49 år,Christiansø,2024,11
771,45-49 år,Greve,2024,3445
772,45-49 år,Køge,2024,4042
773,45-49 år,Lejre,2024,2042
774,45-49 år,Roskilde,2024,5943
775,45-49 år,Solrød,2024,1727
776,45-49 år,Faxe,2024,2453
777,45-49 år,Guldborgsund,2024,3601
778,45-49 år,Holbæk,2024,4677
779,45-49 år,Kalundborg,2024,3039
780,45-49 år,Lolland,2024,2311
781,45-49 år,Næstved,2024,5481
782,45-49 år,Odsherred,2024,1834
783,45-49 år,Ringsted,2024,2651
784,45-49 år,Slagelse,2024,4973
785,45-49 år,Sorø,2024,2021
786,45-49 år,Stevns,2024,1520
787,45-49 år,Vordingborg,2024,2688
788,45-49 år,Assens,2024,2649
789,45-49 år,Faaborg-Midtfyn,2024,3248
790,45-49 år,Kerteminde,2024,1452
791,45-49 år,Langeland,2024,619
792,45-49 år,Middelfart,2024,2654
793,45-49 år,Nordfyns,2024,1956
794,45-49 år,Nyborg,2024,2038
795,45-49 år,Odense,2024,11733
796,45-49 år,Svendborg,2024,3681
797,45-49 år,Ærø,2024,275
798,45-49 år,Billund,2024,1814
799,45-49 år,Esbjerg,2024,6782
800,45-49 år,Fanø,2024,191
801,45-49 år,Fredericia,2024,3386
802,45-49 år,Haderslev,2024,3464
803,45-49 år,Kolding,2024,6350
804,45-49 år,Sønderborg,2024,4445
805,45-49 år,Tønder,2024,1926
806,45-49 år,Varde,2024,2996
807,45-49 år,Vejen,2024,2911
808,45-49 år,Vejle,2024,8097
809,45-49 år,Aabenraa,2024,3594
810,45-49 år,Favrskov,2024,3624
811,45-49 år,Hedensted,2024,3235
812,45-49 år,Horsens,2024,6347
813,45-49 år,Norddjurs,2024,2112
814,45-49 år,Odder,2024,1509
815,45-49 år,Randers,2024,6666
816,45-49 år,Samsø,2024,207
817,45-49 år,Silkeborg,2024,6513
818,45-49 år,Skanderborg,2024,4664
819,45-49 år,Syddjurs,2024,2727
820,45-49 år,Aarhus,2024,18750
821,45-49 år,Herning,2024,5804
822,45-49 år,Holstebro,2024,3659
823,45-49 år,Ikast-Brande,2024,2874
824,45-49 år,Lemvig,2024,1106
825,45-49 år,Ringkøbing-Skjern,2024,3479
826,45-49 år,Skive,2024,2711
827,45-49 år,Struer,2024,1227
828,45-49 år,Viborg,2024,6395
829,45-49 år,Brønderslev,2024,2352
830,45-49 år,Frederikshavn,2024,3411
831,45-49 år,Hjørring,2024,3849
832,45-49 år,Jammerbugt,2024,2382
833,45-49 år,Læsø,2024,85
834,45-49 år,Mariagerfjord,2024,2570
835,45-49 år,Morsø,2024,1051
836,45-49 år,Rebild,2024,1998
837,45-49 år,Thisted,2024,2564
838,45-49 år,Vesthimmerlands,2024,2221
839,45-49 år,Aalborg,2024,12798
840,50-54 år,Hele landet,2024,393105
841,50-54 år,Hovedstadskommuner,2024,106624
842,50-54 år,Storbykommuner,2024,44803
843,50-54 år,Provinsbykommuner,2024,95179
844,50-54 år,Oplandskommuner,2024,68789
845,50-54 år,Landkommuner,2024,77710
846,50-54 år,København,2024,37926
847,50-54 år,Frederiksberg,2024,6508
848,50-54 år,Dragør,2024,1030
849,50-54 år,Tårnby,2024,3081
850,50-54 år,Albertslund,2024,1760
851,50-54 år,Ballerup,2024,3436
852,50-54 år,Brøndby,2024,2344
853,50-54 år,Gentofte,2024,5817
854,50-54 år,Gladsaxe,2024,4632
855,50-54 år,Glostrup,2024,1600
856,50-54 år,Herlev,2024,1867
857,50-54 år,Hvidovre,2024,3503
858,50-54 år,Høje-Taastrup,2024,3790
859,50-54 år,Ishøj,2024,1483
860,50-54 år,Lyngby-Taarbæk,2024,3952
861,50-54 år,Rødovre,2024,2739
862,50-54 år,Vallensbæk,2024,1109
863,50-54 år,Allerød,2024,1879
864,50-54 år,Egedal,2024,3544
865,50-54 år,Fredensborg,2024,2911
866,50-54 år,Frederikssund,2024,3497
867,50-54 år,Furesø,2024,2925
868,50-54 år,Gribskov,2024,3115
869,50-54 år,Halsnæs,2024,2212
870,50-54 år,Helsingør,2024,4698
871,50-54 år,Hillerød,2024,3915
872,50-54 år,Hørsholm,2024,1932
873,50-54 år,Rudersdal,2024,4103
874,50-54 år,Bornholm,2024,2633
875,50-54 år,Christiansø,2024,7
876,50-54 år,Greve,2024,3891
877,50-54 år,Køge,2024,4909
878,50-54 år,Lejre,2024,2170
879,50-54 år,Roskilde,2024,6808
880,50-54 år,Solrød,2024,1773
881,50-54 år,Faxe,2024,2786
882,50-54 år,Guldborgsund,2024,3990
883,50-54 år,Holbæk,2024,5330
884,50-54 år,Kalundborg,2024,3424
885,50-54 år,Lolland,2024,2613
886,50-54 år,Næstved,2024,6008
887,50-54 år,Odsherred,2024,2175
888,50-54 år,Ringsted,2024,2714
889,50-54 år,Slagelse,2024,5536
890,50-54 år,Sorø,2024,2186
891,50-54 år,Stevns,2024,1730
892,50-54 år,Vordingborg,2024,3139
893,50-54 år,Assens,2024,2923
894,50-54 år,Faaborg-Midtfyn,2024,3606
895,50-54 år,Kerteminde,2024,1719
896,50-54 år,Langeland,2024,785
897,50-54 år,Middelfart,2024,2978
898,50-54 år,Nordfyns,2024,2179
899,50-54 år,Nyborg,2024,2286
900,50-54 år,Odense,2024,12610
901,50-54 år,Svendborg,2024,3791
902,50-54 år,Ærø,2024,371
903,50-54 år,Billund,2024,1744
904,50-54 år,Esbjerg,2024,7465
905,50-54 år,Fanø,2024,228
906,50-54 år,Fredericia,2024,3736
907,50-54 år,Haderslev,2024,3762
908,50-54 år,Kolding,2024,6722
909,50-54 år,Sønderborg,2024,5091
910,50-54 år,Tønder,2024,2292
911,50-54 år,Varde,2024,3331
912,50-54 år,Vejen,2024,2923
913,50-54 år,Vejle,2024,8304
914,50-54 år,Aabenraa,2024,4021
915,50-54 år,Favrskov,2024,3748
916,50-54 år,Hedensted,2024,3529
917,50-54 år,Horsens,2024,6511
918,50-54 år,Norddjurs,2024,2417
919,50-54 år,Odder,2024,1634
920,50-54 år,Randers,2024,7058
921,50-54 år,Samsø,2024,226
922,50-54 år,Silkeborg,2024,6986
923,50-54 år,Skanderborg,2024,4711
924,50-54 år,Syddjurs,2024,3002
925,50-54 år,Aarhus,2024,19406
926,50-54 år,Herning,2024,6102
927,50-54 år,Holstebro,2024,3758
928,50-54 år,Ikast-Brande,2024,2840
929,50-54 år,Lemvig,2024,1227
930,50-54 år,Ringkøbing-Skjern,2024,3699
931,50-54 år,Skive,2024,3025
932,50-54 år,Struer,2024,1402
933,50-54 år,Viborg,2024,6663
934,50-54 år,Brønderslev,2024,2407
935,50-54 år,Frederikshavn,2024,3832
936,50-54 år,Hjørring,2024,4361
937,50-54 år,Jammerbugt,2024,2586
938,50-54 år,Læsø,2024,125
939,50-54 år,Mariagerfjord,2024,2811
940,50-54 år,Morsø,2024,1280
941,50-54 år,Rebild,2024,2060
942,50-54 år,Thisted,2024,2625
943,50-54 år,Vesthimmerlands,2024,2290
944,50-54 år,Aalborg,2024,12787
945,55-59 år,Hele landet,2024,411138
946,55-59 år,Hovedstadskommuner,2024,103994
947,55-59 år,Storbykommuner,2024,45363
948,55-59 år,Provinsbykommuner,2024,99095
949,55-59 år,Oplandskommuner,2024,73740
950,55-59 år,Landkommuner,2024,88946
951,55-59 år,København,2024,34581
952,55-59 år,Frederiksberg,2024,6375
953,55-59 år,Dragør,2024,1123
954,55-59 år,Tårnby,2024,2920
955,55-59 år,Albertslund,2024,1852
956,55-59 år,Ballerup,2024,3618
957,55-59 år,Brøndby,2024,2505
958,55-59 år,Gentofte,2024,5949
959,55-59 år,Gladsaxe,2024,4496
960,55-59 år,Glostrup,2024,1685
961,55-59 år,Herlev,2024,1957
962,55-59 år,Hvidovre,2024,3416
963,55-59 år,Høje-Taastrup,2024,3661
964,55-59 år,Ishøj,2024,1504
965,55-59 år,Lyngby-Taarbæk,2024,3923
966,55-59 år,Rødovre,2024,2726
967,55-59 år,Vallensbæk,2024,1015
968,55-59 år,Allerød,2024,1979
969,55-59 år,Egedal,2024,3551
970,55-59 år,Fredensborg,2024,3217
971,55-59 år,Frederikssund,2024,3850
972,55-59 år,Furesø,2024,3066
973,55-59 år,Gribskov,2024,3565
974,55-59 år,Halsnæs,2024,2539
975,55-59 år,Helsingør,2024,5331
976,55-59 år,Hillerød,2024,4175
977,55-59 år,Hørsholm,2024,1899
978,55-59 år,Rudersdal,2024,4323
979,55-59 år,Bornholm,2024,3035
980,55-59 år,Christiansø,2024,7
981,55-59 år,Greve,2024,4061
982,55-59 år,Køge,2024,5036
983,55-59 år,Lejre,2024,2281
984,55-59 år,Roskilde,2024,6996
985,55-59 år,Solrød,2024,1809
986,55-59 år,Faxe,2024,3014
987,55-59 år,Guldborgsund,2024,4513
988,55-59 år,Holbæk,2024,5782
989,55-59 år,Kalundborg,2024,3839
990,55-59 år,Lolland,2024,3099
991,55-59 år,Næstved,2024,6426
992,55-59 år,Odsherred,2024,2583
993,55-59 år,Ringsted,2024,2817
994,55-59 år,Slagelse,2024,5954
995,55-59 år,Sorø,2024,2418
996,55-59 år,Stevns,2024,1956
997,55-59 år,Vordingborg,2024,3608
998,55-59 år,Assens,2024,3279
999,55-59 år,Faaborg-Midtfyn,2024,3917
1000,55-59 år,Kerteminde,2024,1978
1001,55-59 år,Langeland,2024,972
1002,55-59 år,Middelfart,2024,3328
1003,55-59 år,Nordfyns,2024,2382
1004,55-59 år,Nyborg,2024,2518
1005,55-59 år,Odense,2024,12355
1006,55-59 år,Svendborg,2024,4127
1007,55-59 år,Ærø,2024,485
1008,55-59 år,Billund,2024,1946
1009,55-59 år,Esbjerg,2024,8106
1010,55-59 år,Fanø,2024,261
1011,55-59 år,Fredericia,2024,3933
1012,55-59 år,Haderslev,2024,4206
1013,55-59 år,Kolding,2024,6714
1014,55-59 år,Sønderborg,2024,5849
1015,55-59 år,Tønder,2024,2730
1016,55-59 år,Varde,2024,3737
1017,55-59 år,Vejen,2024,2993
1018,55-59 år,Vejle,2024,8607
1019,55-59 år,Aabenraa,2024,4453
1020,55-59 år,Favrskov,2024,3421
1021,55-59 år,Hedensted,2024,3776
1022,55-59 år,Horsens,2024,6334
1023,55-59 år,Norddjurs,2024,2948
1024,55-59 år,Odder,2024,1812
1025,55-59 år,Randers,2024,7201
1026,55-59 år,Samsø,2024,315
1027,55-59 år,Silkeborg,2024,7059
1028,55-59 år,Skanderborg,2024,4470
1029,55-59 år,Syddjurs,2024,3337
1030,55-59 år,Aarhus,2024,19508
1031,55-59 år,Herning,2024,6327
1032,55-59 år,Holstebro,2024,3873
1033,55-59 år,Ikast-Brande,2024,2948
1034,55-59 år,Lemvig,2024,1562
1035,55-59 år,Ringkøbing-Skjern,2024,4115
1036,55-59 år,Skive,2024,3302
1037,55-59 år,Struer,2024,1579
1038,55-59 år,Viborg,2024,7023
1039,55-59 år,Brønderslev,2024,2641
1040,55-59 år,Frederikshavn,2024,4726
1041,55-59 år,Hjørring,2024,4732
1042,55-59 år,Jammerbugt,2024,2866
1043,55-59 år,Læsø,2024,146
1044,55-59 år,Mariagerfjord,2024,3239
1045,55-59 år,Morsø,2024,1454
1046,55-59 år,Rebild,2024,2142
1047,55-59 år,Thisted,2024,3132
1048,55-59 år,Vesthimmerlands,2024,2739
1049,55-59 år,Aalborg,2024,13500
1050,60-64 år,Hele landet,2024,377109
1051,60-64 år,Hovedstadskommuner,2024,88996
1052,60-64 år,Storbykommuner,2024,41819
1053,60-64 år,Provinsbykommuner,2024,89269
1054,60-64 år,Oplandskommuner,2024,68265
1055,60-64 år,Landkommuner,2024,88760
1056,60-64 år,København,2024,28259
1057,60-64 år,Frederiksberg,2024,5434
1058,60-64 år,Dragør,2024,977
1059,60-64 år,Tårnby,2024,2818
1060,60-64 år,Albertslund,2024,1613
1061,60-64 år,Ballerup,2024,3182
1062,60-64 år,Brøndby,2024,2338
1063,60-64 år,Gentofte,2024,4990
1064,60-64 år,Gladsaxe,2024,4084
1065,60-64 år,Glostrup,2024,1401
1066,60-64 år,Herlev,2024,1788
1067,60-64 år,Hvidovre,2024,3075
1068,60-64 år,Høje-Taastrup,2024,3010
1069,60-64 år,Ishøj,2024,1409
1070,60-64 år,Lyngby-Taarbæk,2024,3450
1071,60-64 år,Rødovre,2024,2700
1072,60-64 år,Vallensbæk,2024,846
1073,60-64 år,Allerød,2024,1763
1074,60-64 år,Egedal,2024,2833
1075,60-64 år,Fredensborg,2024,2920
1076,60-64 år,Frederikssund,2024,3696
1077,60-64 år,Furesø,2024,2755
1078,60-64 år,Gribskov,2024,3487
1079,60-64 år,Halsnæs,2024,2564
1080,60-64 år,Helsingør,2024,4804
1081,60-64 år,Hillerød,2024,3660
1082,60-64 år,Hørsholm,2024,1740
1083,60-64 år,Rudersdal,2024,3793
1084,60-64 år,Bornholm,2024,3267
1085,60-64 år,Christiansø,2024,7
1086,60-64 år,Greve,2024,3298
1087,60-64 år,Køge,2024,4110
1088,60-64 år,Lejre,2024,2073
1089,60-64 år,Roskilde,2024,5958
1090,60-64 år,Solrød,2024,1440
1091,60-64 år,Faxe,2024,2881
1092,60-64 år,Guldborgsund,2024,4629
1093,60-64 år,Holbæk,2024,5162
1094,60-64 år,Kalundborg,2024,3710
1095,60-64 år,Lolland,2024,3280
1096,60-64 år,Næstved,2024,5738
1097,60-64 år,Odsherred,2024,2731
1098,60-64 år,Ringsted,2024,2267
1099,60-64 år,Slagelse,2024,5649
1100,60-64 år,Sorø,2024,2278
1101,60-64 år,Stevns,2024,1847
1102,60-64 år,Vordingborg,2024,3640
1103,60-64 år,Assens,2024,3002
1104,60-64 år,Faaborg-Midtfyn,2024,3819
1105,60-64 år,Kerteminde,2024,1823
1106,60-64 år,Langeland,2024,1090
1107,60-64 år,Middelfart,2024,2934
1108,60-64 år,Nordfyns,2024,2167
1109,60-64 år,Nyborg,2024,2374
1110,60-64 år,Odense,2024,11511
1111,60-64 år,Svendborg,2024,4260
1112,60-64 år,Ærø,2024,579
1113,60-64 år,Billund,2024,1833
1114,60-64 år,Esbjerg,2024,7723
1115,60-64 år,Fanø,2024,256
1116,60-64 år,Fredericia,2024,3668
1117,60-64 år,Haderslev,2024,4038
1118,60-64 år,Kolding,2024,5832
1119,60-64 år,Sønderborg,2024,5391
1120,60-64 år,Tønder,2024,3025
1121,60-64 år,Varde,2024,3604
1122,60-64 år,Vejen,2024,2891
1123,60-64 år,Vejle,2024,7711
1124,60-64 år,Aabenraa,2024,4290
1125,60-64 år,Favrskov,2024,3014
1126,60-64 år,Hedensted,2024,3304
1127,60-64 år,Horsens,2024,5644
1128,60-64 år,Norddjurs,2024,2842
1129,60-64 år,Odder,2024,1791
1130,60-64 år,Randers,2024,6416
1131,60-64 år,Samsø,2024,360
1132,60-64 år,Silkeborg,2024,6307
1133,60-64 år,Skanderborg,2024,3871
1134,60-64 år,Syddjurs,2024,3313
1135,60-64 år,Aarhus,2024,17864
1136,60-64 år,Herning,2024,5752
1137,60-64 år,Holstebro,2024,3873
1138,60-64 år,Ikast-Brande,2024,2760
1139,60-64 år,Lemvig,2024,1574
1140,60-64 år,Ringkøbing-Skjern,2024,4023
1141,60-64 år,Skive,2024,3357
1142,60-64 år,Struer,2024,1488
1143,60-64 år,Viborg,2024,6424
1144,60-64 år,Brønderslev,2024,2500
1145,60-64 år,Frederikshavn,2024,4644
1146,60-64 år,Hjørring,2024,4780
1147,60-64 år,Jammerbugt,2024,2847
1148,60-64 år,Læsø,2024,161
1149,60-64 år,Mariagerfjord,2024,3199
1150,60-64 år,Morsø,2024,1549
1151,60-64 år,Rebild,2024,2027
1152,60-64 år,Thisted,2024,3145
1153,60-64 år,Vesthimmerlands,2024,2661
1154,60-64 år,Aalborg,2024,12444
1155,65-69 år,Hele landet,2024,328857
1156,65-69 år,Hovedstadskommuner,2024,71274
1157,65-69 år,Storbykommuner,2024,37092
1158,65-69 år,Provinsbykommuner,2024,77108
1159,65-69 år,Oplandskommuner,2024,59981
1160,65-69 år,Landkommuner,2024,83402
1161,65-69 år,København,2024,21737
1162,65-69 år,Frederiksberg,2024,4392
1163,65-69 år,Dragør,2024,847
1164,65-69 år,Tårnby,2024,2355
1165,65-69 år,Albertslund,2024,1180
1166,65-69 år,Ballerup,2024,2509
1167,65-69 år,Brøndby,2024,2006
1168,65-69 år,Gentofte,2024,4040
1169,65-69 år,Gladsaxe,2024,3354
1170,65-69 år,Glostrup,2024,1136
1171,65-69 år,Herlev,2024,1590
1172,65-69 år,Hvidovre,2024,2716
1173,65-69 år,Høje-Taastrup,2024,2458
1174,65-69 år,Ishøj,2024,1001
1175,65-69 år,Lyngby-Taarbæk,2024,3032
1176,65-69 år,Rødovre,2024,2211
1177,65-69 år,Vallensbæk,2024,706
1178,65-69 år,Allerød,2024,1334
1179,65-69 år,Egedal,2024,2096
1180,65-69 år,Fredensborg,2024,2462
1181,65-69 år,Frederikssund,2024,3026
1182,65-69 år,Furesø,2024,2225
1183,65-69 år,Gribskov,2024,3177
1184,65-69 år,Halsnæs,2024,2373
1185,65-69 år,Helsingør,2024,4130
1186,65-69 år,Hillerød,2024,2796
1187,65-69 år,Hørsholm,2024,1515
1188,65-69 år,Rudersdal,2024,3142
1189,65-69 år,Bornholm,2024,3140
1190,65-69 år,Christiansø,2024,11
1191,65-69 år,Greve,2024,2569
1192,65-69 år,Køge,2024,3236
1193,65-69 år,Lejre,2024,1740
1194,65-69 år,Roskilde,2024,4753
1195,65-69 år,Solrød,2024,1123
1196,65-69 år,Faxe,2024,2479
1197,65-69 år,Guldborgsund,2024,4398
1198,65-69 år,Holbæk,2024,4551
1199,65-69 år,Kalundborg,2024,3402
1200,65-69 år,Lolland,2024,3236
1201,65-69 år,Næstved,2024,5275
1202,65-69 år,Odsherred,2024,2713
1203,65-69 år,Ringsted,2024,1957
1204,65-69 år,Slagelse,2024,4902
1205,65-69 år,Sorø,2024,1966
1206,65-69 år,Stevns,2024,1675
1207,65-69 år,Vordingborg,2024,3536
1208,65-69 år,Assens,2024,2657
1209,65-69 år,Faaborg-Midtfyn,2024,3480
1210,65-69 år,Kerteminde,2024,1557
1211,65-69 år,Langeland,2024,1193
1212,65-69 år,Middelfart,2024,2568
1213,65-69 år,Nordfyns,2024,2034
1214,65-69 år,Nyborg,2024,2212
1215,65-69 år,Odense,2024,10141
1216,65-69 år,Svendborg,2024,4195
1217,65-69 år,Ærø,2024,551
1218,65-69 år,Billund,2024,1607
1219,65-69 år,Esbjerg,2024,7109
1220,65-69 år,Fanø,2024,310
1221,65-69 år,Fredericia,2024,3081
1222,65-69 år,Haderslev,2024,3643
1223,65-69 år,Kolding,2024,5245
1224,65-69 år,Sønderborg,2024,4746
1225,65-69 år,Tønder,2024,2931
1226,65-69 år,Varde,2024,3246
1227,65-69 år,Vejen,2024,2575
1228,65-69 år,Vejle,2024,6321
1229,65-69 år,Aabenraa,2024,3972
1230,65-69 år,Favrskov,2024,2430
1231,65-69 år,Hedensted,2024,2888
1232,65-69 år,Horsens,2024,4908
1233,65-69 år,Norddjurs,2024,2738
1234,65-69 år,Odder,2024,1551
1235,65-69 år,Randers,2024,5440
1236,65-69 år,Samsø,2024,378
1237,65-69 år,Silkeborg,2024,5668
1238,65-69 år,Skanderborg,2024,3330
1239,65-69 år,Syddjurs,2024,3119
1240,65-69 år,Aarhus,2024,15935
1241,65-69 år,Herning,2024,5000
1242,65-69 år,Holstebro,2024,3398
1243,65-69 år,Ikast-Brande,2024,2421
1244,65-69 år,Lemvig,2024,1471
1245,65-69 år,Ringkøbing-Skjern,2024,3677
1246,65-69 år,Skive,2024,3186
1247,65-69 år,Struer,2024,1487
1248,65-69 år,Viborg,2024,5846
1249,65-69 år,Brønderslev,2024,2192
1250,65-69 år,Frederikshavn,2024,4330
1251,65-69 år,Hjørring,2024,4461
1252,65-69 år,Jammerbugt,2024,2564
1253,65-69 år,Læsø,2024,162
1254,65-69 år,Mariagerfjord,2024,2923
1255,65-69 år,Morsø,2024,1464
1256,65-69 år,Rebild,2024,1753
1257,65-69 år,Thisted,2024,3073
1258,65-69 år,Vesthimmerlands,2024,2466
1259,65-69 år,Aalborg,2024,11016
