latitude,longitude,kommune,region,address,pris[DKK]
55.6759,12.5655,Brøndby,Region Hovedstaden,1,1325000.0
55.678,12.5907,København,Capital Region,1,17995000.0
55.6835,12.5776,København,Capital Region,1,9000000.0
55.6798,12.5773,København,Capital Region,1,4195000.0
55.6798,12.5747,København,Capital Region,2,8472500.0
55.6786,12.575,København,Capital Region,1,5245000.0
55.6809,12.5712,København,Capital Region,1,8350000.0
55.678,12.5753,København,Capital Region,1,6695000.0
55.6798,12.5935,København,Capital Region,1,8995000.0
55.6831,12.594,København,Capital Region,1,9995000.0
55.6811,12.5887,København,Capital Region,2,6845000.0
55.685,12.5879,København,Capital Region,2,10624500.0
55.686,12.5882,København,Capital Region,1,8495000.0
55.6846,12.5843,København,Capital Region,2,4822500.0
55.6878,12.5789,København,Capital Region,2,4395000.0
55.6866,12.5847,København,Capital Region,1,18500000.0
55.6872,12.5868,København,Capital Region,1,4250000.0
55.6875,12.5871,København,Capital Region,1,6295000.0
55.689,12.5829,København,Capital Region,1,5998000.0
55.6885,12.5848,København,Capital Region,1,16700000.0
55.6896,12.5726,København,Capital Region,1,6595000.0
55.6819,12.5701,København,Capital Region,1,6295000.0
55.6833,12.5655,København,Capital Region,1,3495000.0
55.6844,12.5671,København,Capital Region,1,12500000.0
55.683,12.5662,København,Capital Region,1,7995000.0
55.6833,12.5649,København,Capital Region,1,3450000.0
55.6831,12.5635,København,Capital Region,1,6895000.0
55.6833,12.563,København,Capital Region,1,3595000.0
55.6752,12.5922,København,Capital Region,1,7995000.0
55.6741,12.5946,Brøndby,Capital Region,1,1745000.0
55.6733,12.5903,København,Capital Region,4,7411250.0
55.671,12.5908,København,Capital Region,2,8047500.0
55.6716,12.5912,København,Capital Region,1,14800000.0
55.6732,12.5956,København,Capital Region,3,3995000.0
55.6764,12.5993,København,Capital Region,1,3995000.0
55.6878,12.6129,København,Capital Region,4,6570000.0
55.6865,12.6085,København,Capital Region,1,12500000.0
55.677,12.5714,København,Capital Region,1,6995000.0
55.6772,12.5709,København,Capital Region,1,7995000.0
55.6755,12.5735,København,Capital Region,2,8047500.0
55.6731,12.5748,København,Capital Region,1,6472469.0
55.6607,12.5628,København,Capital Region,1,7195000.0
55.6705,12.5741,København,Capital Region,1,12495000.0
55.672,12.5755,København,Capital Region,1,5749000.0
55.67,12.5713,København,Capital Region,1,7495000.0
55.673,12.5545,København,Capital Region,1,10980000.0
55.6736,12.551,København,Capital Region,1,13495000.0
55.6722,12.5507,København,Capital Region,3,6299302.666666667
55.6829,12.5561,København,Capital Region,1,7495000.0
55.6697,12.5549,København,Capital Region,1,3195000.0
55.6722,12.5637,København,Capital Region,3,6930000.0
55.6711,12.5568,København,Capital Region,1,5495000.0
55.6714,12.5518,København,Capital Region,1,4295000.0
55.6692,12.5499,København,Capital Region,1,5695000.0
55.6687,12.549,København,Capital Region,1,6995000.0
55.6699,12.5485,København,Capital Region,2,3245000.0
55.6667,12.5461,København,Capital Region,1,6495000.0
55.6685,12.5447,København,Capital Region,2,3472500.0
55.6695,12.5597,København,Capital Region,1,12500000.0
55.6713,12.5637,København,Capital Region,1,5250000.0
55.6647,12.5522,København,Capital Region,1,5495000.0
55.6654,12.5481,København,Capital Region,1,6995000.0
55.6663,12.5524,København,Capital Region,1,11850000.0
55.666,12.5548,København,Capital Region,2,4395000.0
55.6655,12.5542,København,Capital Region,3,4861666.666666667
55.6675,12.5376,København,Capital Region,1,12000000.0
55.6661,12.5347,København,Capital Region,9,8312777.777777778
55.6693,12.5342,Frederiksberg,Capital Region,2,10495000.0
55.6701,12.5335,Frederiksberg,Capital Region,2,9495000.0
55.6714,12.5333,Frederiksberg,Capital Region,4,6595000.0
55.6724,12.5358,Frederiksberg,Capital Region,2,39500000.0
55.6719,12.5397,Frederiksberg,Capital Region,2,7195000.0
55.6721,12.5375,Frederiksberg,Capital Region,2,27900000.0
55.6722,12.5387,Frederiksberg,Capital Region,2,6695000.0
55.6724,12.5412,Frederiksberg,Capital Region,2,6498000.0
55.6739,12.5418,Frederiksberg,Capital Region,6,11865000.0
55.6745,12.5456,Frederiksberg,Capital Region,2,13900000.0
55.6748,12.5445,Frederiksberg,Capital Region,2,13250000.0
55.675,12.542,Frederiksberg,Capital Region,2,5517968.0
55.6752,12.541,Frederiksberg,Capital Region,2,10995000.0
55.6755,12.5396,Frederiksberg,Capital Region,2,53000000.0
55.6762,12.5355,Frederiksberg,Capital Region,2,13995000.0
55.6809,12.536,Frederiksberg,Capital Region,2,18495000.0
55.6804,12.5417,Frederiksberg,Capital Region,2,7495000.0
55.6812,12.545,Frederiksberg,Capital Region,2,8995000.0
55.68,12.5444,Frederiksberg,Capital Region,2,40000000.0
55.678,12.5449,Frederiksberg,Capital Region,2,6200000.0
55.6774,12.5481,Frederiksberg,Capital Region,2,9995000.0
55.6764,12.5503,Frederiksberg,Capital Region,2,4645000.0
55.6757,12.5508,Frederiksberg,Capital Region,2,17000000.0
55.6781,12.5509,Frederiksberg,Capital Region,2,11995000.0
55.6786,12.5524,Frederiksberg,Capital Region,2,11995000.0
55.6776,12.5554,Frederiksberg,Capital Region,2,7195000.0
55.6811,12.5503,Frederiksberg,Capital Region,2,11500000.0
55.6794,12.5557,Frederiksberg,Capital Region,2,17500000.0
55.6817,12.5371,Frederiksberg,Capital Region,2,8495000.0
55.6847,12.5512,Frederiksberg,Capital Region,2,11995000.0
55.6816,12.5471,Frederiksberg,Capital Region,2,4095000.0
55.6833,12.5483,Frederiksberg,Capital Region,2,6395000.0
55.6835,12.5538,Frederiksberg,Capital Region,2,3595000.0
55.6825,12.5179,København,Capital Region,71,9408915.492957747
55.7072,12.572,København,Capital Region,91,8379689.945054945
55.7119,12.5984,København,Capital Region,16,10915937.5
55.6948,12.5503,København,Capital Region,52,4855671.480769231
55.6511,12.603,København,Capital Region,185,6408821.621621622
55.7086,12.5263,København,Capital Region,26,4706230.769230769
55.6484,12.5359,København,Capital Region,34,5484382.352941177
55.661,12.5006,København,Capital Region,81,6090660.839506173
55.6813,12.4039,Brøndby,Capital Region,53,4875188.679245283
55.6527,12.4132,Brøndby,Capital Region,52,4508740.384615385
55.6889,12.451,København,Capital Region,83,5210409.638554217
55.6671,12.349,Brøndby,Capital Region,20,4055850.0
55.6477,12.3623,Vallensbæk,Capital Region,18,3920000.0
55.65,12.2904,Albertslund,Capital Region,116,3783347.4396551726
55.6154,12.3395,Ishøj,Capital Region,37,3910945.945945946
55.6508,12.1977,Høje-Taastrup,Capital Region,51,3592698.0392156863
55.6367,12.4717,Brøndby,Capital Region,113,5066295.407079646
55.6227,12.417,Brøndby,Capital Region,22,4929181.818181818
55.6218,12.3864,Vallensbæk,Capital Region,22,4103136.3636363638
55.5906,12.3018,Greve,Zealand,143,5012541.13986014
55.532,12.213,Solrød,Zealand,94,6448057.20212766
55.5663,12.2468,Greve,Zealand,67,5622611.940298508
55.7069,12.4845,København,Capital Region,60,5727433.333333333
55.6896,12.4869,København,Capital Region,44,5782823.863636363
55.7338,12.4278,Ballerup,Capital Region,50,5201900.0
55.7154,12.3989,Ballerup,Capital Region,27,5347407.407407408
55.7333,12.3566,Ballerup,Capital Region,58,5303172.413793104
55.7513,12.3197,Ballerup,Capital Region,9,4545555.555555556
55.7361,12.2977,Egedal,Capital Region,57,4751929.824561403
55.6227,12.6094,København,Capital Region,113,5131469.0265486725
55.5882,12.6482,Dragør,Capital Region,101,6949544.544554455
55.7801,12.5122,Gentofte,Capital Region,110,8063381.818181818
55.751,12.5302,Gentofte,Capital Region,94,10490536.0
55.7912,12.4705,Lyngby-Taarbæk,Capital Region,68,8783750.0
55.8192,12.4855,Lyngby-Taarbæk,Capital Region,121,12577834.710743802
55.8182,12.533,Rudersdal,Capital Region,16,7493750.0
55.7361,12.483,København,Capital Region,87,5060913.206896552
55.7328,12.5268,Gentofte,Capital Region,13,5766153.846153846
55.7571,12.4558,Gladsaxe,Capital Region,33,7437575.757575758
55.7344,12.5601,København,Capital Region,100,15358480.0
55.7582,12.573,Gentofte,Capital Region,79,15283182.075949367
55.7701,12.5886,Gentofte,Capital Region,31,22685161.29032258
55.8275,12.5719,Rudersdal,Capital Region,13,11182692.307692308
55.8461,12.5454,Hørsholm,Capital Region,62,13488822.58064516
55.8868,12.5306,Hørsholm,Capital Region,65,12215769.23076923
55.8892,12.4963,Allerød,Capital Region,123,8133296.268292683
55.9115,12.4889,Fredensborg,Capital Region,20,5069000.0
55.9374,12.5002,Fredensborg,Capital Region,27,4964960.518518519
56.0337,12.5881,Helsingør,Capital Region,100,4675958.05
55.9604,12.5221,Fredensborg,Capital Region,56,6868700.589285715
55.9917,12.5419,Fredensborg,Capital Region,50,6117900.0
56.0119,12.5766,Helsingør,Capital Region,15,7062333.333333333
56.029,12.4465,Helsingør,Capital Region,10,8094000.0
56.084,12.4523,Helsingør,Capital Region,41,7258170.731707317
56.0969,12.3818,Gribskov,Capital Region,8,3977500.0
56.0774,12.5283,Helsingør,Capital Region,39,5110871.794871795
56.0668,12.5577,Helsingør,Capital Region,4,10635000.0
56.016,12.1849,Hillerød,Capital Region,106,3707443.396226415
56.0804,12.1437,Gribskov,Capital Region,25,3208800.0
56.0579,12.0915,Gribskov,Capital Region,8,4440625.0
56.0765,12.2586,Helsingør,Capital Region,56,3362750.0
56.116,12.2866,Gribskov,Capital Region,69,5314942.028985507
55.9787,12.0242,Halsnæs,Capital Region,78,2909294.871794872
55.9124,12.0604,Hillerød,Capital Region,10,2464419.8
55.9179,12.1528,Hillerød,Capital Region,25,3446400.0
55.8839,12.1997,Hillerød,Capital Region,4,4820000.0
56.0078,11.9679,Halsnæs,Capital Region,11,4486363.636363637
55.992,11.9718,Halsnæs,Capital Region,4,2019583.25
55.9662,11.8782,Halsnæs,Capital Region,49,3246775.5102040814
55.9359,12.2918,Allerød,Capital Region,145,4767634.482758621
55.8692,12.3484,Allerød,Capital Region,69,5540565.217391305
55.8423,12.4296,Furesø,Capital Region,102,7429313.725490196
55.9727,12.4105,Fredensborg,Capital Region,73,6334452.05479452
55.9961,12.501,Fredensborg,Capital Region,10,3632000.0
55.7763,12.364,Ballerup,Capital Region,63,7106428.571428572
55.8171,12.3713,Furesø,Capital Region,53,6740660.377358491
55.8379,12.2804,Furesø,Capital Region,29,5288482.75862069
55.8462,12.1744,Allerød,Capital Region,40,3460000.0
55.8383,12.0732,Hillerød,Capital Region,74,4034040.5405405406
55.8631,11.96,Frederikssund,Capital Region,39,3493025.641025641
55.7836,12.1609,Egedal,Capital Region,58,3827224.1379310344
55.7772,12.2177,Egedal,Capital Region,50,4566000.0
55.7576,12.2386,Egedal,Capital Region,3,14333333.333333334
55.1065,14.7247,Bornholm,Capital Region,73,2216616.4383561644
55.053,14.9259,Bornholm,Capital Region,32,1197406.25
55.0428,15.1073,Bornholm,Capital Region,35,1996857.142857143
55.1313,15.1295,Bornholm,Capital Region,15,2886000.0
55.1385,15.0191,Bornholm,Capital Region,13,2982153.846153846
55.1964,14.9504,Bornholm,Capital Region,15,2559600.0
55.2654,14.805,Bornholm,Capital Region,20,2721850.0
55.18,14.8112,Bornholm,Capital Region,6,1217166.6666666667
55.1928,14.7193,Bornholm,Capital Region,18,1848333.3333333333
55.6513,12.0958,Høje-Taastrup,Zealand,200,4884892.575
55.5955,12.1851,Greve,Zealand,24,4104375.0
55.7585,12.1069,Roskilde,Zealand,68,4415279.411764706
55.7585,11.9552,Frederikssund,Capital Region,43,3209418.604651163
55.6459,11.8572,Lejre,Zealand,21,2624857.1428571427
55.7007,11.8935,Lejre,Zealand,55,2970981.8181818184
55.4442,11.8065,Køge,Zealand,125,3058664.0
55.5499,12.0221,Køge,Zealand,26,3353076.923076923
55.4947,11.9809,Køge,Zealand,23,4020328.5217391304
55.3139,11.751,Faxe,Zealand,38,1686052.6315789474
55.3621,11.6897,Næstved,Zealand,20,2571750.0
55.4334,11.6617,Ringsted,Zealand,8,1617500.0
55.5176,11.8643,Køge,Zealand,6,2366666.6666666665
55.4361,11.5633,Ringsted,Zealand,75,3601505.1733333333
55.4991,11.5253,Slagelse,Zealand,4,2245000.0
55.4044,11.3353,Kalundborg,Zealand,229,2510113.537117904
55.3415,11.1549,Slagelse,Zealand,89,1932432.629213483
55.2517,11.3043,Slagelse,Zealand,56,2086785.7142857143
55.3612,11.2565,Slagelse,Zealand,19,1846736.8421052631
55.305,11.2653,Slagelse,Zealand,9,1724222.2222222222
55.2142,11.4891,Slagelse,Zealand,8,1758750.0
55.2155,11.186,Slagelse,Zealand,1,998000.0
55.3092,11.5482,Slagelse,Zealand,22,1681590.9090909092
55.2855,11.4168,Slagelse,Zealand,28,1473035.7142857143
55.2534,11.5218,Slagelse,Zealand,15,1694000.0
55.5073,11.296,Kalundborg,Zealand,31,2084677.4193548388
55.5324,11.1825,Kalundborg,Zealand,30,1252966.6333333333
55.5393,11.3794,Kalundborg,Zealand,23,1606918.5217391304
55.5331,11.4889,Kalundborg,Zealand,34,1762352.9411764706
55.543,11.5842,Holbæk,Zealand,32,1937500.0
55.5434,11.6494,Holbæk,Zealand,8,2286875.0
55.7186,11.7069,Holbæk,Zealand,165,3624309.090909091
55.7717,11.813,Holbæk,Zealand,13,2374615.3846153845
55.5819,11.9668,Køge,Zealand,30,3538166.6666666665
55.5938,11.8649,Holbæk,Zealand,23,3571956.5217391304
55.6114,11.727,Holbæk,Zealand,39,2691897.435897436
55.5881,11.6489,Holbæk,Zealand,14,1631285.7142857143
55.5705,11.7737,Holbæk,Zealand,6,1602500.0
55.5462,11.7159,Holbæk,Zealand,13,2211307.6923076925
55.6675,11.7431,Holbæk,Zealand,24,3227916.6666666665
55.6882,11.0848,Kalundborg,Zealand,119,2204462.1848739497
55.6664,11.6185,Holbæk,Zealand,16,2392437.5
55.6513,11.5085,Holbæk,Zealand,34,1922294.1176470588
55.6602,11.4104,Holbæk,Zealand,33,1812242.4242424243
55.7118,11.3801,Holbæk,Zealand,7,1353571.4285714286
55.6511,11.2885,Holbæk,Zealand,18,1356388.888888889
55.5759,11.1709,Kalundborg,Zealand,6,1191666.6666666667
55.6163,11.2278,Kalundborg,Zealand,22,1488818.1818181819
55.9281,11.6393,Odsherred,Zealand,64,2020656.25
55.7188,11.4769,Holbæk,Zealand,29,2105689.6551724137
55.7328,11.5543,Holbæk,Zealand,18,2475833.3333333335
55.7538,11.4328,Odsherred,Zealand,31,1794935.4838709678
55.8166,11.4282,Odsherred,Zealand,22,1768181.8181818181
55.8255,11.4991,Odsherred,Zealand,25,2096000.0
55.8585,11.5577,Odsherred,Zealand,30,2101900.0
55.7935,11.5885,Odsherred,Zealand,10,1710500.0
55.8798,11.6151,Odsherred,Zealand,4,1582500.0
55.9059,11.5548,Odsherred,Zealand,20,1930500.0
55.9497,11.7498,Odsherred,Zealand,21,3383095.238095238
55.9712,11.3624,Odsherred,Zealand,13,1433846.1538461538
55.746,11.3329,Odsherred,Zealand,16,2057187.5
55.8916,11.1334,Kalundborg,Zealand,6,1209166.6666666667
55.7022,11.274,Kalundborg,Zealand,6,1244166.6666666667
55.4624,12.1696,Køge,Zealand,207,4753579.710144928
55.5705,12.1032,Roskilde,Zealand,30,3420666.6666666665
55.5438,12.1221,Roskilde,Zealand,21,3832952.380952381
55.4975,12.096,Køge,Zealand,36,3662611.111111111
55.4571,12.0418,Køge,Zealand,31,3374161.290322581
55.2452,12.12,Faxe,Zealand,48,1931666.6666666667
55.3509,12.2291,Faxe,Zealand,37,2448187.4324324327
55.3055,12.1959,Faxe,Zealand,28,1948212.5
55.2174,12.1601,Faxe,Zealand,19,2153947.3684210526
55.3096,12.3772,Stevns,Zealand,49,1970816.3265306123
55.395,12.2964,Stevns,Zealand,15,3188000.0
55.3553,12.3319,Stevns,Zealand,10,2512000.0
55.2576,12.3671,Stevns,Zealand,23,2338652.1739130435
55.4109,12.1414,Køge,Zealand,28,3533035.714285714
55.3841,12.0821,Køge,Zealand,18,2615000.0
55.2514,12.0302,Faxe,Zealand,32,2888718.75
55.268,11.8297,Faxe,Zealand,33,2024878.7878787878
55.325,11.9696,Faxe,Zealand,127,2425842.9133858266
55.2237,11.7629,Næstved,Zealand,227,2400806.1101321587
55.1112,12.0618,Vordingborg,Zealand,60,2291733.3333333335
55.1769,11.9719,Faxe,Zealand,36,1641333.3333333333
55.0464,12.0706,Vordingborg,Zealand,22,1104545.4545454546
55.1778,11.6523,Næstved,Zealand,23,2334130.434782609
55.1098,11.8361,Næstved,Zealand,28,1792857.142857143
55.0184,11.9152,Vordingborg,Zealand,109,1759697.2477064221
55.003,12.1508,Vordingborg,Zealand,13,1287307.6923076923
54.9976,12.0811,Vordingborg,Zealand,4,896250.0
54.995,12.0268,Vordingborg,Zealand,9,1528333.3333333333
54.9904,12.2915,Vordingborg,Zealand,59,1735677.9661016949
54.9777,12.4697,Vordingborg,Zealand,16,3018437.5
54.9063,12.1605,Vordingborg,Zealand,20,2325450.0
54.9233,12.0508,Vordingborg,Zealand,13,1852307.6923076923
54.7723,11.884,Guldborgsund,Zealand,125,1876976.0
54.9069,11.8529,Guldborgsund,Zealand,53,1207849.0566037735
54.8846,12.0383,Guldborgsund,Zealand,46,1308956.5217391304
54.8637,11.7322,Guldborgsund,Zealand,15,1370600.0
54.8542,11.8843,Guldborgsund,Zealand,23,1002391.304347826
54.8238,12.0644,Guldborgsund,Zealand,7,1120000.0
54.7247,11.9782,Guldborgsund,Zealand,9,1368777.7777777778
54.6829,11.9496,Guldborgsund,Zealand,22,1856681.8181818181
54.5953,11.944,Guldborgsund,Zealand,10,861000.0
54.6704,11.7255,Guldborgsund,Zealand,18,1400666.6666666667
54.7597,11.7775,Guldborgsund,Zealand,11,1323909.0909090908
54.7008,11.747,Guldborgsund,Zealand,16,979375.0
54.6958,11.6061,Lolland,Zealand,5,1115800.0
54.6636,11.5015,Lolland,Zealand,5,745400.0
54.8288,11.1277,Lolland,Zealand,81,1001894.4444444445
54.8771,11.0719,Lolland,Zealand,9,852111.1111111111
54.9212,11.2104,Lolland,Zealand,24,716041.6666666666
54.8032,11.278,Lolland,Zealand,17,740294.1176470588
54.7737,11.4972,Lolland,Zealand,45,1782031.111111111
54.8389,11.4681,Lolland,Zealand,12,1326083.3333333333
54.893,11.4993,Lolland,Zealand,2,1785000.0
54.9085,11.3244,Lolland,Zealand,4,617500.0
54.9441,11.4089,Lolland,Zealand,1,1095000.0
54.9739,11.5378,Lolland,Zealand,4,771000.0
54.8094,11.4285,Lolland,Zealand,5,725800.0
54.843,11.3728,Lolland,Zealand,10,728100.0
54.8652,11.2954,Lolland,Zealand,6,712500.0
54.7098,11.4829,Lolland,Zealand,17,734588.2352941176
54.6835,11.3591,Lolland,Zealand,37,845690.7027027027
54.7396,11.189,Lolland,Zealand,14,741357.1428571428
54.7971,11.6452,Guldborgsund,Zealand,52,984019.2307692308
55.4028,10.392,Odense,South Denmark,124,3364301.64516129
55.3953,10.3289,Odense,South Denmark,23,2381754.434782609
55.415,10.3132,Odense,South Denmark,73,2678084.383561644
55.3727,10.4601,Odense,South Denmark,59,2904684.033898305
55.381,10.4017,Odense,South Denmark,74,6464702.702702703
55.4176,10.4446,Odense,South Denmark,19,2100842.1052631577
55.3585,10.3366,Odense,South Denmark,109,3937192.660550459
55.3462,10.3902,Odense,South Denmark,71,2668646.3943661973
55.4341,10.3612,Odense,South Denmark,91,2666472.5164835164
55.395,10.5238,Kerteminde,South Denmark,7,2117142.8571428573
55.4519,10.6486,Kerteminde,South Denmark,56,4198178.571428572
55.4259,10.4757,Odense,South Denmark,25,2138600.0
55.458,10.5544,Kerteminde,South Denmark,36,2019972.2222222222
55.3997,10.6134,Kerteminde,South Denmark,11,1459545.4545454546
55.508,10.629,Kerteminde,South Denmark,7,1782142.857142857
55.5166,10.6722,Kerteminde,South Denmark,4,2303750.0
55.5703,10.6254,Kerteminde,South Denmark,4,877500.0
55.5548,10.0939,Nordfyns,South Denmark,42,1614119.0476190476
55.5401,10.4029,Nordfyns,South Denmark,88,1470659.0909090908
55.4437,10.1928,Nordfyns,South Denmark,24,3466875.0
55.4572,10.0226,Middelfart,South Denmark,15,1222800.0
55.4986,9.9731,Middelfart,South Denmark,22,1490136.3636363635
55.4964,9.9025,Middelfart,South Denmark,10,2083300.0
55.4912,10.2028,Nordfyns,South Denmark,63,1457968.253968254
55.4682,10.1526,Nordfyns,South Denmark,8,1370000.0
55.5188,10.2766,Nordfyns,South Denmark,6,913166.6666666666
55.3879,10.25,Odense,South Denmark,15,1592133.3333333333
55.3875,10.137,Assens,South Denmark,58,1494431.0344827587
55.5063,9.764,Middelfart,South Denmark,126,3374150.793650794
55.3583,10.6646,Kerteminde,South Denmark,44,1721136.3636363635
55.3614,10.5855,Faaborg-Midtfyn,South Denmark,41,1772292.6829268292
55.3759,10.0484,Middelfart,South Denmark,53,1787075.4716981133
55.4544,9.8711,Middelfart,South Denmark,38,2021526.3157894737
55.3948,9.9623,Middelfart,South Denmark,20,1017900.0
55.4228,9.9224,Middelfart,South Denmark,26,1399576.923076923
55.1049,10.2503,Faaborg-Midtfyn,South Denmark,137,1938355.6277372262
55.025,10.2758,Faaborg-Midtfyn,South Denmark,1,1195000.0
55.2803,9.9166,Middelfart,South Denmark,89,1512662.9213483145
55.2758,10.0941,Assens,South Denmark,64,1507218.75
55.2081,9.9902,Assens,South Denmark,21,1728809.5238095238
55.1412,10.1733,Assens,South Denmark,12,2657833.3333333335
55.2422,10.2629,Faaborg-Midtfyn,South Denmark,60,1390083.3333333333
55.2123,10.1075,Assens,South Denmark,56,1603017.857142857
55.3243,10.2044,Assens,South Denmark,60,1955016.6666666667
55.0528,10.6094,Svendborg,South Denmark,218,3382522.9357798165
55.2326,10.4568,Faaborg-Midtfyn,South Denmark,72,1674888.8194444445
55.0722,10.4594,Faaborg-Midtfyn,South Denmark,44,1722636.3636363635
55.1272,10.5131,Faaborg-Midtfyn,South Denmark,29,1379793.103448276
55.179,10.5316,Faaborg-Midtfyn,South Denmark,15,1581666.6666666667
55.3009,10.4407,Faaborg-Midtfyn,South Denmark,55,2389909.090909091
55.322,10.7801,Nyborg,South Denmark,77,2406740.25974026
55.264,10.6608,Faaborg-Midtfyn,South Denmark,45,1419555.5555555555
55.2161,10.6006,Faaborg-Midtfyn,South Denmark,14,1159928.5714285714
55.2371,10.5366,Faaborg-Midtfyn,South Denmark,12,1302375.0
55.3133,10.5821,Faaborg-Midtfyn,South Denmark,6,1220833.3333333333
55.2388,10.7645,Nyborg,South Denmark,22,1215000.0
55.1711,10.766,Nyborg,South Denmark,14,1628857.142857143
55.0869,10.6986,Svendborg,South Denmark,23,2873043.4782608696
55.1092,10.7094,Svendborg,South Denmark,12,1864166.6666666667
55.1218,10.725,Svendborg,South Denmark,9,1875888.888888889
55.1497,10.7034,Svendborg,South Denmark,10,1230000.0
55.157,10.6569,Svendborg,South Denmark,15,1510666.6666666667
54.923,10.7403,Langeland,South Denmark,50,1414580.0
54.8126,10.6901,Langeland,South Denmark,37,1182378.3783783785
54.7511,10.6862,Langeland,South Denmark,15,1260666.6666666667
54.9049,10.6108,Langeland,South Denmark,5,1335000.0
55.0605,10.8773,Langeland,South Denmark,54,1095129.6296296297
54.8575,10.5085,Ærø,South Denmark,23,1597391.3043478262
54.8771,10.3895,Ærø,South Denmark,23,2162173.913043478
54.9319,10.2671,Ærø,South Denmark,15,1768333.3333333333
55.4924,9.4798,Kolding,South Denmark,325,2833372.6830769232
55.61,9.3509,Kolding,South Denmark,47,2140340.425531915
55.5629,9.4824,Kolding,South Denmark,15,1987000.0
55.5882,9.4914,Kolding,South Denmark,10,1586500.0
55.5509,9.3138,Kolding,South Denmark,12,1800000.0
55.3609,9.4699,Haderslev,South Denmark,35,2065542.857142857
55.4528,9.5657,Kolding,South Denmark,19,1981526.3157894737
55.4581,9.6225,Kolding,South Denmark,10,1906400.0
55.4074,9.5588,Kolding,South Denmark,17,1484352.9411764706
55.3733,9.5986,Haderslev,South Denmark,8,1812375.0
55.2431,9.5239,Haderslev,South Denmark,227,2055515.4185022027
55.033,9.4398,Aabenraa,South Denmark,116,2167500.0
55.072,9.3241,Aabenraa,South Denmark,35,1849885.7142857143
55.0555,8.979,Tønder,South Denmark,22,1031909.0909090909
55.0545,8.7706,Tønder,South Denmark,29,861172.4137931034
54.9442,8.8692,Tønder,South Denmark,55,1543172.1454545455
54.973,8.704,Tønder,South Denmark,17,1374941.1764705882
54.9146,9.5725,Sønderborg,South Denmark,48,1737023.3958333333
54.8859,9.6782,Sønderborg,South Denmark,24,1640791.6666666667
54.9041,9.6154,Sønderborg,South Denmark,6,2020000.0
54.8367,9.3538,Aabenraa,South Denmark,31,1426580.6451612904
54.858,9.4359,Aabenraa,South Denmark,27,2959592.592592593
54.9316,9.2426,Aabenraa,South Denmark,18,1158611.111111111
54.9577,9.1024,Aabenraa,South Denmark,17,812470.5882352941
54.9917,9.2719,Aabenraa,South Denmark,8,904125.0
54.9213,9.7764,Sønderborg,South Denmark,88,2338563.0
55.0331,9.7881,Sønderborg,South Denmark,63,1169082.5396825396
54.9631,9.9198,Sønderborg,South Denmark,29,1549620.6896551724
54.9011,9.9565,Sønderborg,South Denmark,46,1886978.2608695652
55.2428,9.2999,Haderslev,South Denmark,96,1091750.0
55.2814,9.0265,Haderslev,South Denmark,40,936975.0
55.1794,9.0356,Haderslev,South Denmark,23,1257000.0
55.1294,9.1426,Haderslev,South Denmark,7,750714.2857142857
55.1198,9.065,Tønder,South Denmark,4,1165000.0
55.198,9.204,Haderslev,South Denmark,12,773166.6666666666
55.3226,9.284,Haderslev,South Denmark,18,1128055.5555555555
55.4235,9.3053,Kolding,South Denmark,70,1759571.4285714286
55.4789,9.1389,Vejen,South Denmark,105,2357542.8571428573
55.5269,9.2039,Vejen,South Denmark,13,1383461.5384615385
55.5753,9.1472,Vejen,South Denmark,9,943444.4444444445
55.6354,9.0813,Billund,South Denmark,6,1800000.0
55.3707,9.1124,Haderslev,South Denmark,60,1267833.3333333333
55.4831,9.3079,Kolding,South Denmark,32,1711875.0
55.4951,9.0153,Vejen,South Denmark,33,1249909.0909090908
55.4117,8.9784,Vejen,South Denmark,3,771666.6666666666
55.4998,8.9129,Esbjerg,South Denmark,25,1000280.0
55.6063,8.9381,Billund,South Denmark,6,1030166.6666666666
55.4394,8.9093,Esbjerg,South Denmark,14,1215857.142857143
55.4732,8.8019,Esbjerg,South Denmark,7,1226571.4285714286
55.4732,8.4592,Esbjerg,South Denmark,141,2465797.7021276597
55.4886,8.4965,Esbjerg,South Denmark,60,1879288.9833333334
55.5165,8.3942,Esbjerg,South Denmark,162,3487196.814814815
55.517,8.4587,Esbjerg,South Denmark,65,2413430.769230769
55.4173,8.4037,Fanø,South Denmark,49,2247000.0
55.4648,8.5852,Esbjerg,South Denmark,31,2063810.4193548388
55.4711,8.7055,Esbjerg,South Denmark,106,1962669.8113207547
55.5571,8.8302,Vejen,South Denmark,7,1265285.7142857143
55.6024,8.8009,Varde,South Denmark,5,892800.0
55.3209,8.7714,Esbjerg,South Denmark,98,1971836.7346938776
55.4033,8.7495,Esbjerg,South Denmark,19,1106105.2631578948
55.1659,8.7766,Tønder,South Denmark,36,1151583.3333333333
55.1154,8.5377,Tønder,South Denmark,3,4721666.666666667
55.6349,8.5033,Varde,South Denmark,158,1948662.4810126582
55.5748,8.6743,Esbjerg,South Denmark,23,1395043.4782608696
55.7173,8.7474,Billund,South Denmark,15,1090666.6666666667
55.7814,8.2688,Varde,South Denmark,21,1303238.0952380951
55.6419,8.2731,Varde,South Denmark,24,1725541.6666666667
55.6306,8.3734,Varde,South Denmark,10,1577400.0
55.6137,8.3274,Varde,South Denmark,1,1495000.0
55.7332,8.2051,Varde,South Denmark,3,831000.0
55.7166,8.353,Varde,South Denmark,11,817363.6363636364
55.5542,8.1504,Varde,South Denmark,10,5965700.0
55.7165,8.612,Varde,South Denmark,13,1228384.6153846155
55.8017,8.6196,Varde,South Denmark,35,954257.1428571428
55.8883,8.5146,Varde,Central Jutland,49,1056265.306122449
55.8418,8.3124,Ringkøbing-Skjern,Central Jutland,13,835000.0
55.9668,8.4999,Ringkøbing-Skjern,Central Jutland,62,1708064.5161290322
56.0762,8.6563,Ringkøbing-Skjern,Central Jutland,51,1228882.3529411764
56.0102,8.8682,Herning,Central Jutland,27,1479370.3703703703
56.0361,8.3917,Ringkøbing-Skjern,Central Jutland,18,1001611.1111111111
56.1039,8.2118,Ringkøbing-Skjern,Central Jutland,92,2146217.3913043477
55.9573,8.1433,Ringkøbing-Skjern,Central Jutland,15,1894600.0
56.137,8.5018,Ringkøbing-Skjern,Central Jutland,25,1189120.0
56.1973,8.5671,Herning,Central Jutland,6,1187500.0
56.1977,8.2896,Ringkøbing-Skjern,Central Jutland,11,699636.3636363636
56.2967,8.2163,Herning,Central Jutland,39,1182205.1282051282
55.5618,9.7151,Fredericia,South Denmark,292,2620321.9178082193
55.6471,9.6723,Vejle,South Denmark,87,2695735.632183908
55.7042,9.5245,Vejle,South Denmark,248,2898068.5483870967
55.7229,9.6142,Vejle,South Denmark,80,5001600.0
55.7519,9.9985,Hedensted,Central Jutland,83,2290481.9277108433
55.7077,9.798,Hedensted,Central Jutland,28,2215285.714285714
55.7131,9.8894,Hedensted,Central Jutland,21,1373571.4285714286
55.8592,9.504,Vejle,Central Jutland,50,1829798.06
55.8443,9.591,Hedensted,Central Jutland,19,1716210.5263157894
55.8628,9.4181,Vejle,South Denmark,13,1391769.2307692308
55.7049,9.3603,Vejle,South Denmark,19,2158052.6315789474
55.687,9.2611,Vejle,South Denmark,4,1367000.0
55.7109,9.2101,Vejle,South Denmark,7,2003285.7142857143
55.7261,9.1164,Billund,South Denmark,21,3743333.3333333335
55.7602,8.9211,Billund,South Denmark,95,1802505.2631578948
55.6884,8.9799,Billund,South Denmark,12,1190666.6666666667
55.8425,8.8964,Billund,South Denmark,11,1491636.3636363635
55.8965,8.847,Billund,Central Jutland,2,820000.0
55.9411,8.7837,Herning,Central Jutland,20,1007850.0
55.7642,9.425,Vejle,South Denmark,40,1747813.875
55.7698,9.3054,Vejle,South Denmark,12,1981083.3333333333
55.8507,9.25,Vejle,South Denmark,77,1897292.987012987
55.9339,9.11,Vejle,Central Jutland,77,1930948.051948052
55.9894,9.2921,Vejle,Central Jutland,18,1363888.888888889
56.0173,9.3582,Silkeborg,Central Jutland,8,733749.375
56.1331,8.9736,Herning,Central Jutland,334,2499880.239520958
56.1334,9.1573,Ikast-Brande,Central Jutland,125,2042233.296
56.1509,9.2703,Silkeborg,Central Jutland,21,1374047.619047619
56.1689,9.3436,Silkeborg,Central Jutland,23,1966956.5217391304
56.2173,9.0229,Herning,Central Jutland,46,1919413.043478261
56.3262,9.2049,Herning,Central Jutland,54,1246870.3703703703
56.1877,8.7674,Herning,Central Jutland,34,1693882.3529411764
56.2731,8.8037,Herning,Central Jutland,27,1419481.4814814816
56.363,8.6301,Herning,Central Jutland,284,2409183.0985915493
56.3566,8.9744,Herning,Central Jutland,10,952900.0
56.2605,8.6559,Herning,Central Jutland,16,1469812.5
56.4395,8.6457,Holstebro,Central Jutland,16,1461687.5
56.3474,8.3622,Holstebro,Central Jutland,23,843478.2608695652
56.4925,8.5722,Holstebro,Central Jutland,151,1555874.1721854305
56.541,8.292,Lemvig,Central Jutland,128,1404093.75
56.4376,8.2097,Lemvig,Central Jutland,12,712916.5833333334
56.4146,8.3202,Lemvig,Central Jutland,13,1223461.5384615385
56.6012,8.1592,Lemvig,Central Jutland,16,884562.5
56.6984,8.2122,Lemvig,Central Jutland,23,1130000.0
56.9726,8.6263,Thisted,North Denmark,178,1942769.6629213484
57.107,8.6391,Thisted,North Denmark,27,1044703.7037037037
57.1063,8.9832,Thisted,North Denmark,20,1062300.0
57.022,8.9721,Thisted,North Denmark,11,1061272.7272727273
56.8782,8.5045,Thisted,North Denmark,51,775196.0784313725
56.821,8.4021,Thisted,North Denmark,26,860846.1538461539
56.7306,8.4147,Struer,North Denmark,40,1334250.0
56.7726,8.2802,Thisted,North Denmark,27,1343777.7777777778
56.6368,8.5454,Struer,Central Jutland,35,983285.7142857143
56.5678,9.0226,Holstebro,Central Jutland,131,1628519.0839694657
56.4743,8.7959,Herning,Central Jutland,53,1126509.433962264
56.5815,9.1723,Skive,Central Jutland,22,1074545.4545454546
56.484,9.1354,Viborg,Central Jutland,17,1216411.7647058824
56.615,8.8218,Skive,Central Jutland,60,1000050.0
56.7234,8.9892,Skive,Central Jutland,77,1108883.1168831168
56.822,9.0224,Skive,Central Jutland,7,1092142.857142857
56.8107,8.8325,Morsø,North Denmark,98,1192275.5102040817
56.8472,8.7063,Morsø,North Denmark,37,952054.0540540541
56.7533,8.5789,Morsø,North Denmark,11,735363.6363636364
56.741,8.6453,Morsø,North Denmark,8,572500.0
56.7585,8.7271,Morsø,North Denmark,7,1156428.5714285714
56.7025,8.7222,Morsø,North Denmark,12,1087416.6666666667
56.1535,10.2034,Aarhus,Central Jutland,149,4568545.44966443
56.1888,10.1901,Aarhus,Central Jutland,62,4248836.258064516
56.1712,10.1605,Aarhus,Central Jutland,44,4840068.181818182
56.1578,10.1092,Aarhus,Central Jutland,84,4453090.130952381
56.1526,10.1602,Aarhus,Central Jutland,51,5239490.725490196
56.1976,10.2292,Aarhus,Central Jutland,115,8715931.486956522
56.2216,10.293,Aarhus,Central Jutland,70,6375428.571428572
56.1284,10.1421,Aarhus,Central Jutland,90,5200188.888888889
56.1119,10.1907,Aarhus,Central Jutland,105,7412184.447619048
55.9626,10.1795,Odder,Central Jutland,188,2833058.510638298
55.8602,10.5856,Samsø,Central Jutland,52,1964230.7692307692
56.0904,10.1318,Aarhus,Central Jutland,31,3337182.419354839
56.0698,10.1619,Aarhus,Central Jutland,22,4626227.2727272725
56.0578,10.2156,Aarhus,Central Jutland,8,4530625.0
56.036,10.2065,Odder,Central Jutland,36,4737833.333333333
55.913,10.0565,Odder,Central Jutland,18,2016611.111111111
56.0396,10.0881,Aarhus,Central Jutland,27,3636888.888888889
56.1077,10.0882,Aarhus,Central Jutland,34,2991294.117647059
56.0848,10.0333,Skanderborg,Central Jutland,60,3317483.3333333335
56.3324,10.0663,Favrskov,Central Jutland,64,2820343.75
56.2648,10.1466,Favrskov,Central Jutland,28,3000428.5714285714
56.1859,10.1089,Aarhus,Central Jutland,41,3146272.0
56.2595,10.0657,Favrskov,Central Jutland,60,3537050.0
56.2173,10.6747,Syddjurs,Central Jutland,104,2825125.0
56.3108,10.4664,Syddjurs,Central Jutland,69,2948463.768115942
56.1792,10.4728,Syddjurs,Central Jutland,37,2405486.4864864866
56.3145,10.7922,Syddjurs,Central Jutland,10,1365100.0
56.2572,9.8651,Favrskov,Central Jutland,98,2562081.6326530613
56.1449,9.9963,Aarhus,Central Jutland,41,3268878.048780488
56.1563,9.9273,Skanderborg,Central Jutland,90,2873015.933333333
56.2079,10.0395,Favrskov,Central Jutland,43,2782930.2325581396
56.2128,9.8331,Favrskov,Central Jutland,8,1964375.0
56.4213,10.8743,Norddjurs,Central Jutland,109,1437798.1651376146
56.2374,10.2318,Aarhus,Central Jutland,40,4398625.0
56.2628,10.2499,Aarhus,Central Jutland,21,3258190.476190476
56.2658,10.3144,Aarhus,Central Jutland,55,4273236.363636363
56.3161,10.3114,Syddjurs,Central Jutland,48,2924270.8333333335
56.3521,10.3423,Syddjurs,Central Jutland,27,2007518.5185185184
56.3849,10.4826,Syddjurs,Central Jutland,32,1934500.0
56.3532,10.5908,Syddjurs,Central Jutland,31,3789096.7741935486
56.3567,10.7585,Syddjurs,Central Jutland,18,786833.3333333334
56.4133,10.5803,Syddjurs,Central Jutland,11,1750000.0
56.5089,10.6657,Norddjurs,Central Jutland,22,1492409.0909090908
56.445,10.6601,Norddjurs,Central Jutland,15,1059200.0
56.1726,9.5564,Silkeborg,Central Jutland,401,4144229.4264339153
56.286,9.4126,Silkeborg,Central Jutland,102,1522696.0784313725
56.2401,9.5379,Silkeborg,Central Jutland,16,1561000.0
56.1772,9.7805,Favrskov,Central Jutland,14,1948500.0
56.2993,9.6023,Silkeborg,Central Jutland,29,1756379.1379310344
56.0898,9.5503,Silkeborg,Central Jutland,29,2124274.0
56.026,9.517,Horsens,Central Jutland,27,3475037.037037037
56.0401,9.9302,Horsens,Central Jutland,177,3543220.338983051
56.1514,9.8075,Skanderborg,Central Jutland,16,2601937.5
56.0885,9.759,Horsens,Central Jutland,68,4849705.882352941
55.8623,9.8468,Horsens,Central Jutland,403,2563986.1563275433
55.7314,9.7117,Vejle,Central Jutland,13,1991461.5384615385
55.7692,9.7022,Hedensted,Central Jutland,45,2702797.777777778
55.8028,9.6973,Hedensted,Central Jutland,44,1709840.9090909092
55.9484,9.9577,Horsens,Central Jutland,22,2165636.3636363638
55.9727,9.6192,Horsens,Central Jutland,59,2040881.3559322034
55.9319,9.8467,Horsens,Central Jutland,20,2236950.0
55.9699,9.7518,Horsens,Central Jutland,26,2304961.5384615385
55.8706,9.6629,Horsens,Central Jutland,7,1254000.0
55.875,9.6114,Hedensted,Central Jutland,18,1827055.5555555555
55.9306,9.4903,Horsens,Central Jutland,5,715000.0
55.9653,9.3974,Ikast-Brande,Central Jutland,18,1141388.888888889
55.7903,9.8068,Horsens,Central Jutland,3,1262666.6666666667
55.7627,9.8514,Horsens,Central Jutland,26,1793730.7692307692
55.755,10.284,Horsens,Central Jutland,2,1370000.0
55.9512,10.4371,Odder,Central Jutland,3,1629333.3333333333
56.4451,9.3909,Silkeborg,Central Jutland,357,2652873.949579832
56.502,9.6119,Viborg,Central Jutland,77,1305415.5844155843
56.519,9.3224,Viborg,Central Jutland,37,2174945.945945946
56.5807,9.3716,Viborg,Central Jutland,31,1470645.1612903227
56.3503,9.5115,Silkeborg,Central Jutland,23,1379478.2608695652
56.379,9.6515,Favrskov,Central Jutland,94,1488733.9893617022
56.3874,9.7928,Favrskov,Central Jutland,48,1273791.6666666667
56.4097,9.9173,Favrskov,Central Jutland,62,1662854.8387096773
56.3045,9.7856,Favrskov,Central Jutland,37,1587675.6756756757
56.2703,9.7072,Favrskov,Central Jutland,18,1845500.0
56.2244,9.738,Silkeborg,Central Jutland,18,2029333.3333333333
56.464,10.0341,Randers,Central Jutland,33,1845060.606060606
56.4764,9.9773,Randers,Central Jutland,148,2218250.4054054054
56.4835,10.0844,Randers,Central Jutland,105,2010580.9523809524
56.4358,10.0334,Favrskov,Central Jutland,69,1804739.1304347827
56.5294,10.3334,Norddjurs,Central Jutland,35,1057971.4285714286
56.4422,10.1127,Favrskov,Central Jutland,104,2103962.625
56.4807,10.4173,Norddjurs,Central Jutland,34,1470382.3529411764
56.4306,10.3752,Syddjurs,Central Jutland,30,1549466.6666666667
56.6359,10.2281,Randers,Central Jutland,37,3302027.027027027
56.54,10.0408,Randers,Central Jutland,41,1413707.3170731708
56.5835,10.1393,Randers,Central Jutland,30,1017233.3333333334
56.5456,9.879,Randers,Central Jutland,34,1365382.3529411764
57.0394,9.9135,Aalborg,North Denmark,272,3557336.3897058824
57.0116,9.8702,Aalborg,North Denmark,66,3077787.878787879
57.0108,9.9382,Aalborg,North Denmark,85,3310891.8
57.0291,9.9939,Aalborg,North Denmark,23,2387782.6086956523
56.9679,9.8502,Rebild,North Denmark,71,2514929.5774647887
56.9807,9.6229,Vesthimmerlands,North Denmark,92,2319913.0434782607
56.9813,9.9943,Rebild,North Denmark,31,3028516.129032258
57.0119,10.05,Aalborg,North Denmark,17,2348000.0
56.9769,10.1718,Aalborg,North Denmark,68,1876235.294117647
56.8928,10.1153,Rebild,North Denmark,25,1116040.0
57.3102,10.5013,Frederikshavn,North Denmark,104,1704817.3076923077
57.1002,10.0665,Aalborg,North Denmark,72,2156208.3333333335
57.1772,10.1484,Brønderslev,North Denmark,55,2069054.5454545454
57.1791,10.2976,Brønderslev,North Denmark,77,1358976.4285714286
57.1367,10.3919,Brønderslev,North Denmark,11,1180090.9090909092
57.2803,10.3281,Brønderslev,North Denmark,10,947000.0
57.0555,10.1854,Aalborg,North Denmark,21,1210428.5714285714
57.0316,10.3312,Brønderslev,North Denmark,75,1682800.0
57.1318,9.9628,Aalborg,North Denmark,16,2398687.5
57.1645,9.9601,Jammerbugt,North Denmark,21,1329523.8095238095
57.1981,9.9408,Brønderslev,North Denmark,21,1115309.5238095238
57.0698,9.9249,Aalborg,North Denmark,85,2307374.0235294118
57.1195,9.8578,Jammerbugt,North Denmark,36,1843777.7777777778
57.1458,9.7416,Brønderslev,North Denmark,85,2009294.1176470588
57.1072,9.5186,Jammerbugt,North Denmark,97,984690.7216494846
57.3825,9.7439,Brønderslev,North Denmark,66,2398984.8484848486
57.2111,9.6381,Jammerbugt,North Denmark,65,1568800.0
57.2542,9.6048,Jammerbugt,North Denmark,36,3290555.5555555555
57.2809,9.6602,Jammerbugt,North Denmark,11,1162454.5454545454
56.6469,9.7953,Viborg,North Denmark,167,1591449.0718562875
56.7647,9.892,Rebild,North Denmark,40,1338249.875
56.8442,9.9058,Rebild,North Denmark,59,1876525.4237288137
56.8945,9.8197,Rebild,North Denmark,85,2932728.705882353
56.8479,9.6904,Vesthimmerlands,North Denmark,18,1215388.888888889
56.6527,10.008,Randers,North Denmark,49,1541061.224489796
56.7505,10.2076,Rebild,North Denmark,109,1502266.0550458715
56.8271,10.1248,Rebild,North Denmark,20,819650.0
56.8125,10.0575,Rebild,North Denmark,23,1703913.043478261
56.8062,9.4964,Vesthimmerlands,North Denmark,81,1655864.1975308643
56.7454,9.6701,Vesthimmerlands,North Denmark,26,1102923.076923077
56.694,9.4909,Viborg,North Denmark,62,1263145.1612903227
56.6911,9.3438,Viborg,North Denmark,13,738692.3076923077
56.6077,9.5031,Viborg,Central Jutland,20,1284900.0
56.7691,9.2872,Vesthimmerlands,North Denmark,82,1251890.243902439
56.9303,9.2656,Vesthimmerlands,North Denmark,94,1175957.4468085107
56.8967,9.2038,Vesthimmerlands,North Denmark,24,699333.3333333334
57.0961,9.2608,Jammerbugt,North Denmark,77,1110941.5584415584
57.273,9.9482,Brønderslev,North Denmark,138,1522391.3043478262
57.2896,10.1101,Brønderslev,North Denmark,28,859285.7142857143
57.3401,10.2594,Brønderslev,North Denmark,26,876615.3846153846
57.3581,9.9481,Brønderslev,North Denmark,41,1429951.219512195
57.4654,9.9685,Hjørring,North Denmark,298,1826445.7281879194
57.3804,10.1308,Frederikshavn,North Denmark,22,948545.4545454546
57.5707,9.9667,Hjørring,North Denmark,77,1301597.4025974027
57.4677,10.236,Frederikshavn,North Denmark,49,1109755.1020408163
57.5707,10.2023,Frederikshavn,North Denmark,41,1269926.8292682928
57.4404,10.5041,Frederikshavn,North Denmark,305,1513445.9016393442
57.288,11.0146,Læsø,North Denmark,28,1360571.4285714286
57.4956,10.4893,Frederikshavn,North Denmark,18,1103222.2222222222
57.5261,10.4362,Frederikshavn,North Denmark,14,728571.4285714285
57.5996,10.4044,Frederikshavn,North Denmark,14,967500.0
57.7208,10.5621,Frederikshavn,North Denmark,98,4362000.0
