Account No,Organisation,City,Country,Region,Access,C40,Reporting year,Type of target,Sector,Baseline year,Baseline emissions (metric tonnes CO2e),Percentage reduction target,Target date,Estimated business as usual absolute emissions in target year (metric tonnes CO2e),​Intensity unit (emissions per),Comment,Population,Population Year,City Location,Country Location
54408,Aarhus Kommune,Aarhus,Denmark,Europe,Public,,2017,Absolute target,,2008,,100,2030,,,,336000,2017,"(56.168393, 10.137373)","(56.26392, 9.501785)"
63616,Abasan Al-Kabira Municipality,Abasan Al-Kabira,State of Palestine,South and West Asia,Public,,2017,Absolute target,Buildings,2010,18320,19,2020,,,,30000,2015,"(31.323126, 34.344025)","(31.9522, 35.2332)"
63616,Abasan Al-Kabira Municipality,Abasan Al-Kabira,State of Palestine,South and West Asia,Public,,2017,Absolute target,Transport,2010,6893,6,2020,,,,30000,2015,"(31.323126, 34.344025)","(31.9522, 35.2332)"
1499,Ajuntament de Barcelona,Barcelona,Spain,Europe,Public,C40,2017,Absolute target,Total,2008,4053,18,2020,,,,1608746,2016,"(41.382271, 2.177506)","(40.463667, -3.74922)"
1499,Ajuntament de Barcelona,Barcelona,Spain,Europe,Public,C40,2017,Absolute target,Buildings,2008,2164,1,2020,,,"Residential, Commercial and Industrial",1608746,2016,"(41.382271, 2.177506)","(40.463667, -3.74922)"
1499,Ajuntament de Barcelona,Barcelona,Spain,Europe,Public,C40,2017,Absolute target,Transport,2007,1540,27,2020,,,"On road transportation, port and airport",1608746,2016,"(41.382271, 2.177506)","(40.463667, -3.74922)"
1499,Ajuntament de Barcelona,Barcelona,Spain,Europe,Public,C40,2017,Absolute target,Waste,2008,327,74,2020,,,,1608746,2016,"(41.382271, 2.177506)","(40.463667, -3.74922)"
1499,Ajuntament de Barcelona,Barcelona,Spain,Europe,Public,C40,2017,Absolute target,,2008,,,,,,,1608746,2016,"(41.382271, 2.177506)","(40.463667, -3.74922)"
54637,Alcaldía de Cuenca,Cuenca,Ecuador,Latin America,Public,,2017,Absolute target,Transport,2017,11000,,,,,"Tranvía, ciclovías, sensibilización sobre el uso del transporte privado",505585,2010,"(-2.908411, -79.004837)","(-1.831239, -78.183406)"
54637,Alcaldía de Cuenca,Cuenca,Ecuador,Latin America,Public,,2017,Absolute target,Waste,2017,60000,,,,,Planta de biogas,505585,2010,"(-2.908411, -79.004837)","(-1.831239, -78.183406)"
60387,Alcaldíade Sincelejo,Sincelejo,Colombia,Latin America,Public,,2017,Absolute target,,,,,,,,,275207,2015,"(9.304577, -75.390557)","(4.570868, -74.297333)"
43932,Auckland Council,Auckland ,New Zealand,South Asia and Oceania,Public,C40,2017,Absolute target,Total,1990,8892000,10,2020,,,10%-20% reduction by 2020,1614400,2016,"(-36.815328, 174.741788)","(-40.900557, 174.885971)"
43932,Auckland Council,Auckland ,New Zealand,South Asia and Oceania,Public,C40,2017,Absolute target,Total,1990,8892000,40,2040,,,,1614400,2016,"(-36.815328, 174.741788)","(-40.900557, 174.885971)"
43932,Auckland Council,Auckland ,New Zealand,South Asia and Oceania,Public,C40,2017,Absolute target,Total,1990,8892000,50,2050,,,,1614400,2016,"(-36.815328, 174.741788)","(-40.900557, 174.885971)"
31171,Ayuntamiento de Madrid,Madrid,Spain,Europe,Public,C40,2017,Absolute target,Transport,2012,3162,50,2030,,,,3165883,2016,"(40.1076253, -3.3875673)","(40.463667, -3.74922)"
31171,Ayuntamiento de Madrid,Madrid,Spain,Europe,Public,C40,2017,Absolute target,Total,1990,12953000,40,2030,,,,3165883,2016,"(40.1076253, -3.3875673)","(40.463667, -3.74922)"
54498,Ayuntamiento de Murcia,Murcia,Spain,Europe,Public,,2017,Absolute target,Total,2007,2141277,20,2020,,,We already reach this target in 2015,439902,2015,"(37.799013, -1.00495)","(40.463667, -3.74922)"
58395,Bærum Kommune,Bærum,Norway,Europe,Public,,2017,Absolute target,Total,2009,227359,40,2030,,,"As reported in May 2017 we are in the process of developing a climate strategy where emission reduction targets will be set. The strategy is for political consideration until February 2018, and proposes a target of 40 % GHG reduction by 2030.",122660,2016,"(59.920545, 10.593765)","(60.472024, 8.468946)"
31150,Bangkok Metropolitan Administration,Bangkok ,Thailand,South Asia and Oceania,Public,C40,2017,Baseline scenario (business as usual) target,Transportation,2013,13760000,,2020,14910000,,,5696409,2015,"(13.787506, 100.710632)","(15.870032, 100.992541)"
31150,Bangkok Metropolitan Administration,Bangkok ,Thailand,South Asia and Oceania,Public,C40,2017,Baseline scenario (business as usual) target,Stationary energy (buildings),2013,25600000,,2020,26850000,,,5696409,2015,"(13.787506, 100.710632)","(15.870032, 100.992541)"
31150,Bangkok Metropolitan Administration,Bangkok ,Thailand,South Asia and Oceania,Public,C40,2017,Baseline scenario (business as usual) target,Waste,2013,4550000,,2020,4730000,,,5696409,2015,"(13.787506, 100.710632)","(15.870032, 100.992541)"
50679,Barreiro,Barreiro,Portugal,Europe,Public,,2017,Absolute target,Total,2008,347987,20,2020,,,There is a difference between the amount of CO2 emissions presented in SEAP and this table due to a change in the calculation methodology.,78764,2011,"(38.660815, -9.079072)","(39.399872, -8.224454)"
31151,Basel-Stadt,Basel-Stadt,Switzerland,Europe,Public,C40,2017,Absolute target,Total,1990,1108030,20,2020,,,Swiss federal law CO2,198206,2016,"(47.5619, 7.5928)","(46.818188, 8.227512)"
31151,Basel-Stadt,Basel-Stadt,Switzerland,Europe,Public,C40,2017,Base year intensity target,,2001,,,,,,,198206,2016,"(47.5619, 7.5928)","(46.818188, 8.227512)"
59996,Batangas City,Batangas,Philippines,South Asia and Oceania,Public,,2017,Absolute target,Total,2015,657636,25,2030,,,,354170,2016,"(13.7565, 121.0583)","(12.879721, 121.774017)"
59996,Batangas City,Batangas,Philippines,South Asia and Oceania,Public,,2017,Baseline scenario (business as usual) target,,,,,,,,,354170,2016,"(13.7565, 121.0583)","(12.879721, 121.774017)"
54329,Bogor City Government,Bogor ,Indonesia,South Asia and Oceania,Public,,2017,Absolute target,Total,2014,2193642,33,2030,,,WEM (With Existing Measure) Scenario,1047922,2015,"(-6.5971, 106.806)","(-6.121435, 106.774124)"
31154,Bogotá Distrito Capital,Bogotá ,Colombia,Latin America,Public,C40,2017,Absolute target,Total,2008,16279278,62,2050,,,,7980001,2016,"(4.711, -74.0721)","(4.570868, -74.297333)"
44132,Bornova Municipality,Bornova ,Turkey,Europe,Public,,2017,Absolute target,,,,,,,,,438549,2016,"(35.2141598, 33.2947541)","(38.963745, 35.243322)"
58543,Byron Shire Council,Byron Shire,Australia,South Asia and Oceania,Public,,2017,Absolute target,Total,2015,263199,100,2025,,,"This target covers the five areas of energy, buildings, waste, land use, transport. Included is a 100% RE target.",29209,2011,"(-28.6534, 153.5334)","(-25.274398, 133.775136)"
43928,Canberra,Canberra,Australia,South Asia and Oceania,Public,,2017,Absolute target,Total,1990,3196800,40,2020,,,Baseline emissions subject to change should in event of methodology change,400000,2016,"(-35.3075, 149.1244)","(-25.274398, 133.775136)"
43928,Canberra,Canberra,Australia,South Asia and Oceania,Public,,2017,Absolute target,Total,1990,3196800,100,2050,,,Baseline emissions subject to change should in event of methodology change,400000,2016,"(-35.3075, 149.1244)","(-25.274398, 133.775136)"
31186,Changwon City,Changwon ,South Korea,East Asia,Public,C40,2017,Absolute target,Waste,,,,,,,,1063907,2016,"(35.154167, 126.949167)","(35.907757, 127.766922)"
54354,City Government of Makati,Makati,Philippines,South Asia and Oceania,Public,,2017,Absolute target,,2011,,42,2020,,,Figures in the 4th column entails the reduction effort in tCO2e in 10 years time. Baseline emission is the Total emission of 1.6 tCO2e.,529039,2010,"(14.554729, 121.024445)","(12.879721, 121.774017)"
54354,City Government of Makati,Makati,Philippines,South Asia and Oceania,Public,,2017,Absolute target,,2011,,52,2020,,,Figures in the 4th column entails the reduction effort in tCO2e in 10 years time. Baseline emission is the Total emission of 1.6 tCO2e.,529039,2010,"(14.554729, 121.024445)","(12.879721, 121.774017)"
54354,City Government of Makati,Makati,Philippines,South Asia and Oceania,Public,,2017,Absolute target,,2011,,13,2020,,,Figures in the 4th column entails the reduction effort in tCO2e in 10 years time. Baseline emission is the Total emission of 1.6 tCO2e.,529039,2010,"(14.554729, 121.024445)","(12.879721, 121.774017)"
32480,City of Adelaide,Adelaide,Australia,South Asia and Oceania,Public,,2017,Absolute target,,,,100,2025,,,Target = zero net carbon emissions by 2025 (so there is no baseline year).,23615,2016,"(-34.928499, 138.600746)","(-25.274398, 133.775136)"
32480,City of Adelaide,Adelaide,Australia,South Asia and Oceania,Public,,2017,Absolute target,Total,2007,1175630,35,2020,,,The target emissions will equate to 764160tCO2e in 2020,23615,2016,"(-34.928499, 138.600746)","(-25.274398, 133.775136)"
58609,City of Ærøskøbing,Ærøskøbing,Denmark,Europe,Public,,2017,Absolute target,,2015,,10,,,,,6180,2017,"(54.891456, 10.404684)","(56.26392, 9.501785)"
59151,City of Akureyri,Akureyri,Iceland,Europe,Public,,2017,Absolute target,,1990,,40,2030,,,,18340,2016,"(65.688492, -18.126169)","(64.963051, -19.020835)"
60588,City of Alba-Iulia,Alba-Iulia,Romania,Europe,Public,,2017,Absolute target,Buildings,2008,4292,34,2020,,,,74000,2016,"(46.082337, 23.569027)","(45.943161, 24.96676)"
60588,City of Alba-Iulia,Alba-Iulia,Romania,Europe,Public,,2017,Absolute target,Buildings,2008,61560,25,2020,,,,74000,2016,"(46.082337, 23.569027)","(45.943161, 24.96676)"
60588,City of Alba-Iulia,Alba-Iulia,Romania,Europe,Public,,2017,Absolute target,Buildings,2008,98185,18,2020,,,,74000,2016,"(46.082337, 23.569027)","(45.943161, 24.96676)"
60588,City of Alba-Iulia,Alba-Iulia,Romania,Europe,Public,,2017,Absolute target,Transport,2008,44216,23,2020,,,,74000,2016,"(46.082337, 23.569027)","(45.943161, 24.96676)"
60588,City of Alba-Iulia,Alba-Iulia,Romania,Europe,Public,,2017,Absolute target,Other: Public Lighting - energy regeneration,2008,1935,38,2020,,,,74000,2016,"(46.082337, 23.569027)","(45.943161, 24.96676)"
54102,City of Albany,Albany,USA,North America,Public,,2017,Absolute target,,2009,,10,2030,,,,97856,2010,"(42.6526, -73.7562)","(37.09024, -95.712891)"
54102,City of Albany,Albany,USA,North America,Public,,2017,Absolute target,,2009,,20,2030,,,,97856,2010,"(42.6526, -73.7562)","(37.09024, -95.712891)"
54102,City of Albany,Albany,USA,North America,Public,,2017,Absolute target,,2009,,,2030,,,Divert 65% of solid waste from the landfill by 2030,97856,2010,"(42.6526, -73.7562)","(37.09024, -95.712891)"
54102,City of Albany,Albany,USA,North America,Public,,2017,Absolute target,,2009,,10,2030,,,,97856,2010,"(42.6526, -73.7562)","(37.09024, -95.712891)"
54092,City of Ann Arbor,Ann Arbor,USA,North America,Public,,2017,Absolute target,Total,2000,1681926,25,2025,,,,117770,2015,"(42.2808, -83.743)","(37.09024, -95.712891)"
54092,City of Ann Arbor,Ann Arbor,USA,North America,Public,,2017,Absolute target,Total,2000,1681926,90,2050,,,,117770,2015,"(42.2808, -83.743)","(37.09024, -95.712891)"
55799,"City of Arlington, VA","Arlington, VA",USA,North America,Public,,2017,Base year intensity target,Other: Community-wide (everything),2007,13,76,,,Metric tonnes of CO2e per capita,,220400,2016,"(37.226486, -76.002594)","(37.09024, -95.712891)"
52897,City of Aspen and Pitkin County,Aspen and Pitkin County,USA,North America,Public,,2017,Absolute target,,2004,,30,2020,,,,8427,2010,"(39.195, -106.837)","(37.09024, -95.712891)"
52897,City of Aspen and Pitkin County,Aspen and Pitkin County,USA,North America,Public,,2017,Absolute target,,2004,,80,2050,,,,8427,2010,"(39.195, -106.837)","(37.09024, -95.712891)"
31149,City of Athens,Athens,Greece,Europe,Public,C40,2017,Absolute target,Total,2014,5069040,40,2030,,,,664046,2011,"(37.98381, 23.727539)","(39.074208, 21.824312)"
1093,City of Atlanta,Atlanta,USA,North America,Public,,2017,Absolute target,Buildings,2009,373867,20,2020,,,"Benchmarking and retrofits for buildings larger than 25,000 soft",443775,2013,"(33.7489954, -84.3879824)","(37.09024, -95.712891)"
1093,City of Atlanta,Atlanta,USA,North America,Public,,2017,Absolute target,Transport,2009,27266,20,2020,,,"Sharing mobility strategies, TOD, and parking strategies",443775,2013,"(33.7489954, -84.3879824)","(37.09024, -95.712891)"
1093,City of Atlanta,Atlanta,USA,North America,Public,,2017,Absolute target,Waste,2009,29000,80,2020,,,Reevaluation of recycling curbing and educational programs with public and private sector,443775,2013,"(33.7489954, -84.3879824)","(37.09024, -95.712891)"
1184,City of Austin,Austin,USA,North America,Public,C40,2017,Absolute target,Total,2010,14050168,100,2050,,,"Our goal is to have net zero carbon emissions by 2050 with interim goals following a linear target line from our 2010 baseline to 2050.  Our interim goals are: 2020: 11,300,000 MT CO2e 2030: 8,000,000 MT CO2e 2040: 4,600,000 MT CO2e  Page 5 of our climate plan shows our linear target path  http://austintexas.gov/sites/default/files/files/Sustainability/OOS_AustinClimatePlan_032915_SinglePages.pdf",912791,2016,"(30.2672, -97.7431)","(37.09024, -95.712891)"
35853,City of Baltimore,Baltimore,USA,North America,Public,,2017,Absolute target,Total,2010,,15,2020,,,Key findings by sector provide guidance for where strategies can perhaps slow future emissions growth.• GHG emissions from the energy sector are anticipatedto increase slightly from 79.5 percent (2010) to 79.9percent (2020).• The transportation-related emissions are anticipatedto decrease from 15.6 percent (2010) to 15.2 percent(2020).• The waste-related emissions are anticipated to remainunchanged at 2.8 percent.• Wastewater treatment GHG emissions are expected toremain unchanged at 1.5 percent.• GHG emissions from the water sector are anticipatedto remain unchanged at 0.7 percent.All GHG emissions have been calculated and presented inmetric tons of carbon dioxide equivalent emissions per year(MT CO2e/yr).,614664,2016,"(39.2903848, -76.6121893)","(37.09024, -95.712891)"
58636,"City of Bellingham, WA","Bellingham, WA",USA,North America,Public,,2017,Absolute target,,2000,,7,2012,,,,84000,2016,"(48.7519, -122.4787)","(37.09024, -95.712891)"
49787,City of Benicia,Benicia,USA,North America,Public,,2017,Absolute target,,2000,,10,2020,,,,27450,2014,"(38.049365, -122.1585777)","(37.09024, -95.712891)"
35268,City of Boston,Boston,USA,North America,Public,C40,2017,Absolute target,Total,2005,7350268,25,2020,,,,669469,2015,"(42.3584308, -71.0597732)","(37.09024, -95.712891)"
35268,City of Boston,Boston,USA,North America,Public,C40,2017,Absolute target,Total,2005,7350268,100,2050,,,"In January, 2017 Mayor Walsh announced a new goal of being carbon-neutral by 2050.",669469,2015,"(42.3584308, -71.0597732)","(37.09024, -95.712891)"
54104,City of Boulder,Boulder,USA,North America,Public,,2017,Absolute target,Total,2005,1949796,80,2050,,,"Our progress toward this reduction target is publicly available on our city-wide dashboard, Boulder Measures: https://bouldercolorado.gov/boulder-measures",107167,2015,"(40.0274, -105.2519)","(37.09024, -95.712891)"
54521,City of Bournemouth,Bournemouth,United Kingdom,Europe,Public,,2017,Base year intensity target,Other:,2005,6,30,,,Metric tonnes of CO2e per capita,,191400,2015,"(50.719164, -1.880769)","(55.378051, -3.435973)"
35995,City of Brasília,Brasília,Brazil,Latin America,Public,,2017,Absolute target,Total,2005,5648140,40,2020,,,"O Distrito Federal conta com a Lei de Clima Nº 4.797/2012, ainda não regulamentada, cuja meta de mitigação está de acordo com as metas da PNMC- LEI Nº 12.187/2009, neste caso, meta de 40% até 2020. A Lei de Clima do DF também determinou a internalização da dimensão climática no planejamento da malha viária e da oferta dos diferentes modais de transportes. Determinou também o estabelecimento de limites e metas de redução progressiva e a promoção do monitoramento das emissões dos GEE pelo sistema de transporte do DF. Além disso, para o sistema de transporte público, a Lei determina uma redução progressiva do uso de combustíveis fósseis e meta progressiva de redução de, pelo menos, 10% a cada ano, a partir de 2011. Em 2020, de acordo com a Lei de Clima do DF, todos os ônibus do sistema de transporte público do Distrito Federal estarão utilizando combustível renovável não fóssil. A Lei também prevê redução do desmatamento e de decisões de fortalecimento das remoções antrópicas por sumidouros de gases de efeito estufa no território.",1409671,2015,"(-15.794229, -47.882166)","(-14.235004, -51.92528)"
59595,"City of Brisbane, CA","Brisbane, CA",USA,North America,Public,,2017,Absolute target,Total,2005,,15,2020,,,,4603,2015,"(37.6808, -122.4)","(37.09024, -95.712891)"
31155,City of Buenos Aires,Buenos Aires,Argentina,Latin America,Public,C40,2017,Baseline scenario (business as usual) target,,2008,12742478,,2030,17314751,,,3059122,2016,"(-34.6037232, -58.3815931)","(-38.416097, -63.616672)"
35859,City of Cleveland,Cleveland,USA,North America,Public,,2017,Absolute target,Total,2010,12519122,16,2020,,,"This goal is science-based and designed to be bold, yet achievable.The Climate Action Plan includes details on how much each emission reduction activity contributes to the goal.",396815,2010,"(41.4993, -81.6944)","(37.09024, -95.712891)"
54057,City of Lancaster,Lancaster,USA,North America,Public,,2017,Baseline scenario (business as usual) target,,,,,,,,,161000,2015,"(40.0379, -76.3055)","(37.09024, -95.712891)"
2430,City of Burlington,Burlington,USA,North America,Public,,2017,Absolute target,,2007,,20,2020,,,"Reduction GoalsSubsequent to the completion of the 2007 GHG emissions inventory, the City established the following emissions reduction targets: Short-term: Reduction of 20% below 2007 levels by 2020 *Equals 1.5% annual reduction until 2020 Long-term: Reduction of 80% below 2007 levels by 2050 *Equals 2% annual reduction between 2020 and 2050 To achieve its 2020 goal, the City would have to reduce the emissions generated by its municipal operations by 4,657 tons of CO2 equivalent, while the community-wide emissions reduction would have to approach 86,485 tons of CO2 equivalent. These are not insignificant numbers, but if the City and community come together in working towards those same goals, we can surely achieve them. Exploration of new technologies, new financial incentives and/or financing schemes, as well as a general willingness and commitment to the implementation of this plan will bring success.",42284,2015,"(44.4758825, -73.212072)","(37.09024, -95.712891)"
35475,City of Calgary,Calgary,Canada,North America,Public,,2017,Absolute target,Total,2005,15793731,20,2020,,,,1235055,2016,"(51.048615, -114.070846)","(56.130366, -106.346771)"
35475,City of Calgary,Calgary,Canada,North America,Public,,2017,Absolute target,Total,1990,11871100,50,2036,,,Target was set as part of imagineCALGARY (a community-wide engagement in 2006 to set the 100-year sustainability vision for Calgary).,1235055,2016,"(51.048615, -114.070846)","(56.130366, -106.346771)"
35475,City of Calgary,Calgary,Canada,North America,Public,,2017,Absolute target,Total,2005,15793731,80,2050,,,,1235055,2016,"(51.048615, -114.070846)","(56.130366, -106.346771)"
55800,City of Cambridge,Cambridge,USA,North America,Public,,2017,Absolute target,Total,2012,1462236,100,2050,,,,109694,2014,"(45.601, -93.327333)","(37.09024, -95.712891)"
35858,City of Cape Town,Cape Town,South Africa,Africa,Public,C40,2017,Baseline scenario (business as usual) target,Residential buildings,2012,4619754,,Other: 2022,4714983,The overall target is -13% total CO2e reduction off business-as-usual scenario by 2022,,4012441,2016,"(-33.9253, 18.4239)","(-30.559482, 22.937506)"
35858,City of Cape Town,Cape Town,South Africa,Africa,Public,C40,2017,Baseline scenario (business as usual) target,Commercial buildings,2012,6037936,,Other: 2022,8365386,The overall target is -13% total CO2e reduction off business-as-usual scenario by 2022,,4012441,2016,"(-33.9253, 18.4239)","(-30.559482, 22.937506)"
35858,City of Cape Town,Cape Town,South Africa,Africa,Public,C40,2017,Baseline scenario (business as usual) target,Industrial buildings,2012,2203336,,Other: 2022,2546299,The overall target is -13% total CO2e reduction off business-as-usual scenario by 2022,,4012441,2016,"(-33.9253, 18.4239)","(-30.559482, 22.937506)"
35858,City of Cape Town,Cape Town,South Africa,Africa,Public,C40,2017,Baseline scenario (business as usual) target,Public buildings,2012,143959,,Other: 2022,174402,The overall target is -13% total CO2e reduction off business-as-usual scenario by 2022,,4012441,2016,"(-33.9253, 18.4239)","(-30.559482, 22.937506)"
35858,City of Cape Town,Cape Town,South Africa,Africa,Public,C40,2017,Baseline scenario (business as usual) target,Transportation,2012,7591848,,Other: 2022,9008621,The overall target is -13% total CO2e reduction off business-as-usual scenario by 2022. The target for transport only is -3.2% CO2e reduction off business-as-usual scenario.,,4012441,2016,"(-33.9253, 18.4239)","(-30.559482, 22.937506)"
35858,City of Cape Town,Cape Town,South Africa,Africa,Public,C40,2017,Baseline scenario (business as usual) target,Wastewater,2012,13399,,Other: 2022,162336,The overall target is -13% total CO2e reduction off business-as-usual scenario by 2022,,4012441,2016,"(-33.9253, 18.4239)","(-30.559482, 22.937506)"
31052,City of Cardiff,Cardiff,United Kingdom,Europe,Public,,2017,Absolute target,Other:,2005,2667000,26,2020,,,"This 26% reduction target is for per capita emissions (NB Cardiff is the UKs fastest growing city).  The per capita carbon emissions were 8.3 tonnes in 2005 and are 6.1 in 2013, demonstrating a 27% reduction in per capita emissions.  (The reduction in absolute emissions from 2005 to 2013 is 20%)",354300,2014,"(51.481581, -3.17909)","(55.378051, -3.435973)"
43914,City of Charlotte,Charlotte,USA,North America,Public,,2017,Absolute target,,Other,,100,2050,,,"We have a goal to be carbon neutral by 2050, and are currently working on our baseline inventory through the GPC.",809958,2014,"(35.2271, -80.8431)","(37.09024, -95.712891)"
59545,"City of Charlottesville, VA","Charlottesville, VA",USA,North America,Public,,2017,Absolute target,Total,2000,868952,10,2035,,,,48210,2010,"(38.0293, -78.4767)","(37.09024, -95.712891)"
59545,"City of Charlottesville, VA","Charlottesville, VA",USA,North America,Public,,2017,Baseline scenario (business as usual) target,,,,,,,,,48210,2010,"(38.0293, -78.4767)","(37.09024, -95.712891)"
3203,City of Chicago,Chicago,USA,North America,Public,C40,2017,Absolute target,Total,1990,32300000,80,2050,,,The 1990 baseline was chosen in alignment with the Kyoto Protocol,2720546,2015,"(41.8781136, -87.6297982)","(37.09024, -95.712891)"
3203,City of Chicago,Chicago,USA,North America,Public,C40,2017,Absolute target,Total,1990,32300000,25,2020,,,The 1990 baseline was chosen in alignment with the Kyoto Protocol,2720546,2015,"(41.8781136, -87.6297982)","(37.09024, -95.712891)"
35857,City of Cincinnati,Cincinnati,USA,North America,Public,,2017,Absolute target,Total,2006,9.3,84,2050,,,,298550,2015,"(39.1031, -84.512)","(37.09024, -95.712891)"
35857,City of Cincinnati,Cincinnati,USA,North America,Public,,2017,Absolute target,Total,2006,9.3,40,2030,,,,298550,2015,"(39.1031, -84.512)","(37.09024, -95.712891)"
54057,City of Lancaster,Lancaster,USA,North America,Public,,2017,Base year intensity target,,,,,,,,,161000,2015,"(40.0379, -76.3055)","(37.09024, -95.712891)"
35859,City of Cleveland,Cleveland,USA,North America,Public,,2017,Absolute target,Total,2010,12519122,40,2030,,,"This goal is science-based and designed to be bold, yet achievable.The Climate Action Plan includes details on how much each emission reduction activity contributes to the goal.",396815,2010,"(41.4993, -81.6944)","(37.09024, -95.712891)"
35859,City of Cleveland,Cleveland,USA,North America,Public,,2017,Absolute target,Total,2010,12519122,80,2050,,,"This goal is science-based and designed to be bold, yet achievable. The Climate Action Plan does not include detail on how much each emission reduction activity contributes. This is more of a visionary goal.",396815,2010,"(41.4993, -81.6944)","(37.09024, -95.712891)"
55415,"City of Columbia, SC","Columbia, SC",USA,North America,Public,,2017,Absolute target,Total,2006,,7,2016,,,,133358,2015,"(34.0007, -81.0348)","(37.09024, -95.712891)"
43910,City of Columbus,Columbus,USA,North America,Public,,2017,Absolute target,Total,2013,240971,20,2020,,,,850106,2016,"(39.9611755, -82.9987942)","(37.09024, -95.712891)"
31009,City of Copenhagen,Copenhagen,Denmark,Europe,Public,C40,2017,Baseline scenario (business as usual) target,Total,,,,2025,900000,,,602504,2016,"(55.6760968, 12.5683371)","(56.26392, 9.501785)"
54078,City of Hayward,Hayward,USA,North America,Public,,2017,Absolute target,Total,2005,1183274,20,2020,,,Baseline does NOT include all records used in the 2010 & 2015 inventories.,158985,2016,"(37.6689, -122.0808)","(37.09024, -95.712891)"
64014,City of Cupertino,Cupertino,USA,North America,Public,,2017,Absolute target,Total,2010,307288,15,2020,,,"In light of more current guidance from OPR or BAAQMD at the time of document preparation, Cupertino has selected a reduction target of 15% below 2010 baseline levels by 2020 as a proxy for a return to 1990 levels.",60572,2015,"(37.322998, -122.032182)","(37.09024, -95.712891)"
64014,City of Cupertino,Cupertino,USA,North America,Public,,2017,Absolute target,Total,2010,307288,49,2035,,,,60572,2015,"(37.322998, -122.032182)","(37.09024, -95.712891)"
64014,City of Cupertino,Cupertino,USA,North America,Public,,2017,Absolute target,Total,2010,307288,83,2050,,,,60572,2015,"(37.322998, -122.032182)","(37.09024, -95.712891)"
59552,"City of Davis, CA","Davis, CA",USA,North America,Public,,2017,Absolute target,,2010,,100,2050,,,,65600,2010,"(38.544907, -121.740517)","(37.09024, -95.712891)"
31157,City of Delhi,Delhi,India,South and West Asia,Public,C40,2017,Absolute target,,,,,,,,,15000000,2011,"(28.704059, 77.10249)","(20.5937, 78.9629)"
31157,City of Delhi,Delhi,India,South and West Asia,Public,C40,2017,Baseline scenario (business as usual) target,,,,,,,,,15000000,2011,"(28.704059, 77.10249)","(20.5937, 78.9629)"
32550,City of Denver,Denver,USA,North America,Public,,2017,Absolute target,Total,1990,11800000,1,2020,,,The goal is to get to at or below 1990 level emissions by 2020,682545,2015,"(39.737567, -104.9847179)","(37.09024, -95.712891)"
32550,City of Denver,Denver,USA,North America,Public,,2017,Absolute target,Total,2005,13250000,80,2050,,,Denver is utilizing a 2005 baseline for our long term goal as there were more robust data available in 2005 compared to 1990.,682545,2015,"(39.737567, -104.9847179)","(37.09024, -95.712891)"
54108,City of Durham,Durham,USA,North America,Public,,2017,Baseline scenario (business as usual) target,,2005,6837430,,2030,10084260,"This is for the entire Durham County community, not just the city boundary, and includes residential/commercial/industrial buildings and transportation.",,250815,2015,"(35.994, -78.8986)","(37.09024, -95.712891)"
43912,City of Edmonton,Edmonton,Canada,North America,Public,,2017,Absolute target,Total,2005,14954000,35,2035,,,"Overall TCO2e reduction from cummulative residential, commercial, industrial and transportation sectors only. For example Industrial process and landfill gas emissions are not included.",893000,2015,"(53.544389, -113.4909267)","(56.130366, -106.346771)"
43912,City of Edmonton,Edmonton,Canada,North America,Public,,2017,Absolute target,Other:,2009,18.4,25,2035,,,The intensity value to three decimal places is 18.371 TCO2e/capita. This is a per capita emissions reduciton intensity based target.,893000,2015,"(53.544389, -113.4909267)","(56.130366, -106.346771)"
43912,City of Edmonton,Edmonton,Canada,North America,Public,,2017,Base year intensity target,Other:,2009,18,25,,,Metric tonnes of CO2e per capita,,893000,2015,"(53.544389, -113.4909267)","(56.130366, -106.346771)"
61790,"City of Emeryville, CA","Emeryville, CA",USA,North America,Public,,2017,Absolute target,,2004,,40,2030,,,,10570,2014,"(37.831316, -122.285247)","(37.09024, -95.712891)"
61790,"City of Emeryville, CA","Emeryville, CA",USA,North America,Public,,2017,Absolute target,,2004,,80,2050,,,,10570,2014,"(37.831316, -122.285247)","(37.09024, -95.712891)"
54409,City of Espoo,Espoo,Finland,Europe,Public,,2017,Absolute target,Total,1990,1060000,80,2050,,,"Target is Carbon neutrality, it is estimated that it will mean 80 % reduction",274522,2016,"(60.205491, 24.6559)","(61.9241, 25.7482)"
54409,City of Espoo,Espoo,Finland,Europe,Public,,2017,Base year intensity target,Other:,1990,6,60,,,Metric tonnes of CO2e per capita,,274522,2016,"(60.205491, 24.6559)","(61.9241, 25.7482)"
54070,City of Eugene,Eugene,USA,North America,Public,,2017,Absolute target,Total,2010,1846983,7.6,2020,,,,165885,2016,"(44.0519, -123.0867)","(37.09024, -95.712891)"
53959,"City of Fayetteville, AR","Fayetteville, AR",USA,North America,Public,,2017,Absolute target,Total,2010,1025453,80,2050,,,The draft Energy Action Plan is calling for a 3% GHG reduction every year with an overall GHG reduction of 80% by the year 2050.,82830,2016,"(36.082156, -94.171854)","(37.09024, -95.712891)"
54066,City of Fort Collins,Fort Collins,USA,North America,Public,,2017,Absolute target,Total,2005,2410518,20,2020,,,,161000,2016,"(40.5853, 105.0844)","(37.09024, -95.712891)"
60114,City of Gdynia,Gdynia,Poland,Europe,Public,,2017,Absolute target,Total,1999,,20,2020,,,"Gdynia has the Low Emission Economy Plan 2015-2020. Up to 2020 Gdynia declared to reduce the emission of CO2 by 20%, to reduce the consumption of  the final energy by 28% and to increase power installed renewable energy sources by 14,4 MW.",247329,2016,"(54.51889, 18.530541)","(51.919438, 19.145136)"
50541,City of Greensboro,Greensboro,USA,North America,Public,,2017,Absolute target,Total,2007,5365412,0,2020,,,Goal is to stabilize at baseline emissions level.,287027,2017,"(36.072635, -79.791975)","(37.09024, -95.712891)"
50555,City of Hamilton,Hamilton,Canada,North America,Public,,2017,Absolute target,Total,2006,23087326,10,2012,,,Targets achieved in 2011.,550700,2015,"(43.250021, -79.866091)","(56.130366, -106.346771)"
50555,City of Hamilton,Hamilton,Canada,North America,Public,,2017,Absolute target,Total,2006,23087326,20,2020,,,Targets achieved in 2011.,550700,2015,"(43.250021, -79.866091)","(56.130366, -106.346771)"
50555,City of Hamilton,Hamilton,Canada,North America,Public,,2017,Absolute target,Total,2006,23087326,50,2030,,,Targets set in 2015 to follow Corporate targets and community request under Community Climate Change Action Plan 2015,550700,2015,"(43.250021, -79.866091)","(56.130366, -106.346771)"
50555,City of Hamilton,Hamilton,Canada,North America,Public,,2017,Absolute target,Total,2006,23087326,80,2050,,,New targets set in 2013 by Council.,550700,2015,"(43.250021, -79.866091)","(56.130366, -106.346771)"
8242,City of Helsinki,Helsinki,Finland,Europe,Public,,2017,Absolute target,Total,1990,,30,2020,,,City Council Strategy 2013-2016,636000,2016,"(60.1733244, 24.9410248)","(61.92411, 25.748151)"
8242,City of Helsinki,Helsinki,Finland,Europe,Public,,2017,Absolute target,Total,1990,,39,2030,,,Climate strategy for the metropolitan area. Target achieved in 2014.,636000,2016,"(60.1733244, 24.9410248)","(61.92411, 25.748151)"
8242,City of Helsinki,Helsinki,Finland,Europe,Public,,2017,Absolute target,Total,1990,,20,2020,,,"City's energy policy lines, Covenant of Mayors. Target achieved in 2013.",636000,2016,"(60.1733244, 24.9410248)","(61.92411, 25.748151)"
54111,City of Iowa City,Iowa ,USA,North America,Public,,2017,Absolute target,Total,2005,,27,2025,,,Baseline emissions to be estimated,74220,2015,"(41.6611, -91.5302)","(37.09024, -95.712891)"
54111,City of Iowa City,Iowa ,USA,North America,Public,,2017,Absolute target,Total,2005,,80,2050,,,Baseline emissions to be estimated,74220,2015,"(41.6611, -91.5302)","(37.09024, -95.712891)"
31115,City of Johannesburg,Johannesburg,South Africa,Africa,Public,C40,2017,Baseline scenario (business as usual) target,,,,,,,,,4900000,2016,"(-26.2041028, 28.0473051)","(-30.559482, 22.937506)"
54048,City of Knoxville,Knoxville,USA,North America,Public,,2017,Absolute target,Total,2005,4507885,20,2020,,,"Note: For question 7.3, The City of Knoxville has not estimated anticipated reductions or measure reductions based on each emissions reduction activity.  However, the cumulative effect of past emissions reductions activities reduced residential energy consumption by 2%, commercial energy consumption by 13%, and community greenhouse gas emissions by 7.75% between 2005 and 2012.",185291,2016,"(35.9606, -83.9207)","(37.09024, -95.712891)"
54364,City of Kuala Lumpur,Kuala Lumpur,Malaysia,South Asia and Oceania,Public,C40,2017,Absolute target,Total,2010,25427,70,2030,,,reduce as much as 70% of CO2 emission intensify by 2030,1890000,2015,"(3.139003, 101.686855)","(4.210484, 101.975766)"
73295,"City of La Crosse, WI","La Crosse, WI",USA,North America,Public,,2017,Absolute target,,,,,,,,,51320,2010,"(43.8014, -91.2396)","(37.09024, -95.712891)"
54402,City of Lahti,Lahti,Finland,Europe,Public,,2017,Absolute target,Total,1990,,35,2020,,,In the City strategy: -50% by 2015 (from 1990 level),119452,2016,"(60.9833, 25.65)","(61.92411, 25.748151)"
57616,"City of Lake Forest, IL","Lake Forest, IL",USA,North America,Public,,2017,Absolute target,,2007,,20,2015,,,"After reaching our target, our current goal is to decrease emissions 2% annually.",19375,2010,"(42.258634, -87.840625)","(37.09024, -95.712891)"
54075,City of Lakewood,Lakewood,USA,North America,Public,,2017,Absolute target,Total,2007,2646240,20,2025,,,This baseline was calculated using a hybrid demand-center life cycle assessment methodology and does not align with GPC standards,152589,2015,"(39.7047, -105.0814)","(37.09024, -95.712891)"
54075,City of Lakewood,Lakewood,USA,North America,Public,,2017,Absolute target,Total,2007,2646240,50,2050,,,This baseline was calculated using a hybrid demand-center life cycle assessment methodology and does not align with GPC standards,152589,2015,"(39.7047, -105.0814)","(37.09024, -95.712891)"
54057,City of Lancaster,Lancaster,USA,North America,Public,,2017,Absolute target,Total,2010,885210,15,2020,,,,161000,2015,"(40.0379, -76.3055)","(37.09024, -95.712891)"
54057,City of Lancaster,Lancaster,USA,North America,Public,,2017,Absolute target,Total,2010,885210,40,2030,,,,161000,2015,"(40.0379, -76.3055)","(37.09024, -95.712891)"
54057,City of Lancaster,Lancaster,USA,North America,Public,,2017,Absolute target,Total,2010,885210,60,2040,,,,161000,2015,"(40.0379, -76.3055)","(37.09024, -95.712891)"
54057,City of Lancaster,Lancaster,USA,North America,Public,,2017,Absolute target,Total,2010,885210,80,2050,,,,161000,2015,"(40.0379, -76.3055)","(37.09024, -95.712891)"
36159,City of Lisbon,Lisbon,Portugal,Europe,Public,,2017,Absolute target,Total,2002,3887013,40,2030,,,,547773,2011,"(38.7222524, -9.1393366)","(39.399872, -8.224454)"
36159,City of Lisbon,Lisbon,Portugal,Europe,Public,,2017,Absolute target,Transport,2002,1567000,40,2030,,,Target of 40% based on total city wide emissions target,547773,2011,"(38.7222524, -9.1393366)","(39.399872, -8.224454)"
36159,City of Lisbon,Lisbon,Portugal,Europe,Public,,2017,Absolute target,Other:,2002,2320013,40,2030,,,"Aggregation of residential, services and industrial sectors. Target of 40% based on total city wide emissions target",547773,2011,"(38.7222524, -9.1393366)","(39.399872, -8.224454)"
43920,City of Ljubljana,Ljubljana,Slovenia,Europe,Public,,2017,Absolute target,Total,2008,2660000,30,2020,,,see in previous answers,288307,2016,"(46.056947, 14.505751)","(46.151241, 14.995463)"
50558,"City of London, ON","London, ON",Canada,North America,Public,,2017,Absolute target,Total,1990,3430000,15,2020,,,"NOTE: baseline emissions are higher with the inclusion of GPC sources - domestic aviation, railways, waste disposed outside of London",381000,2015,"(42.9837, -81.2497)","(56.130366, -106.346771)"
50558,"City of London, ON","London, ON",Canada,North America,Public,,2017,Absolute target,Total,1990,3430000,37,2030,,,"NOTE: London has committed to using targets consistent with the Province of Ontario's targets. In spring 2015, Ontario announced this new mid-term reduction goal for a 37% reduction by 2030.",381000,2015,"(42.9837, -81.2497)","(56.130366, -106.346771)"
50558,"City of London, ON","London, ON",Canada,North America,Public,,2017,Absolute target,Total,1990,3430000,80,2050,,,,381000,2015,"(42.9837, -81.2497)","(56.130366, -106.346771)"
50551,City of Long Beach,Long Beach,USA,North America,Public,,2017,Absolute target,Buildings,2007,,15,2020,,,,484958,2016,"(33.7701, -118.1937)","(37.09024, -95.712891)"
50551,City of Long Beach,Long Beach,USA,North America,Public,,2017,Absolute target,Transport,2007,,10,2020,,,,484958,2016,"(33.7701, -118.1937)","(37.09024, -95.712891)"
10894,City of Los Angeles,Los Angeles,USA,North America,Public,C40,2017,Absolute target,Total,1990,54000000,45,2025,,,,4030904,2016,"(34.0522342, -118.2436849)","(37.09024, -95.712891)"
10894,City of Los Angeles,Los Angeles,USA,North America,Public,C40,2017,Absolute target,Total,1990,54000000,60,2035,,,,4030904,2016,"(34.0522342, -118.2436849)","(37.09024, -95.712891)"
10894,City of Los Angeles,Los Angeles,USA,North America,Public,C40,2017,Absolute target,Total,1990,54000000,80,2050,,,,4030904,2016,"(34.0522342, -118.2436849)","(37.09024, -95.712891)"
10894,City of Los Angeles,Los Angeles,USA,North America,Public,C40,2017,Base year intensity target,Other: total Los Angeles economy,2009,45,55,,,Metric tonnes of CO2e per unit GDP,,4030904,2016,"(34.0522342, -118.2436849)","(37.09024, -95.712891)"
43926,City of Mannheim,Mannheim,Germany,Europe,Public,,2017,Absolute target,,1990,,40,2020,,,,312722,2015,"(49.487459, 8.466039)","(51.165691, 10.451526)"
58513,City of Medford,Medford,USA,North America,Public,,2017,Absolute target,Total,2015,465879,100,2050,,,This is a regional commitment to carbon neutrality by 2050,57437,2014,"(42.3265, -122.8756)","(37.09024, -95.712891)"
31109,City of Melbourne,Melbourne,Australia,South Asia and Oceania,Public,C40,2017,Absolute target,Total,2008,4934000,100,2020,,,We have a Zero Net Emissions by 2020 Strategy for the municipality.,136336,2015,"(-37.814107, 144.96328)","(-25.274398, 133.775136)"
35870,City of Miami,Miami,USA,North America,Public,,2017,Absolute target,,2006,,25,2020,,,,413892,2014,"(25.7617, -80.1918)","(37.09024, -95.712891)"
35879,City of Minneapolis,Minneapolis,USA,North America,Public,,2017,Absolute target,Total,2006,5173279,15,2015,,,,410939,2015,"(44.983334, -93.26667)","(37.09024, -95.712891)"
35879,City of Minneapolis,Minneapolis,USA,North America,Public,,2017,Absolute target,Total,2006,5173279,30,2025,,,,410939,2015,"(44.983334, -93.26667)","(37.09024, -95.712891)"
35879,City of Minneapolis,Minneapolis,USA,North America,Public,,2017,Absolute target,Total,2006,5173279,80,2050,,,,410939,2015,"(44.983334, -93.26667)","(37.09024, -95.712891)"
13067,City of New Orleans,New Orleans,USA,North America,Public,C40,2017,Absolute target,Total,2014,3606199,50,2030,,,,391495,2017,"(29.9511, -90.0715)","(37.09024, -95.712891)"
59669,City of North Vancouver,North Vancouver,Canada,North America,Public,,2017,Absolute target,Total,2007,207530,15,2020,,,"Includes: solid waste, public transportation; private transportation; commercial buildings; residential buildings",52898,2016,"(49.32, -123.0724)","(56.130366, -106.346771)"
59669,City of North Vancouver,North Vancouver,Canada,North America,Public,,2017,Absolute target,Total,2007,207530,50,2050,,,"Includes: solid waste, public transportation; private transportation; commercial buildings; residential buildings",52898,2016,"(49.32, -123.0724)","(56.130366, -106.346771)"
58530,"City of Northampton, MA","Northampton, MA",USA,North America,Public,,2017,Absolute target,Total,2000,,30,2020,,,"Primarily using fossil fuels, not GHG, as our measurement tool because we have more (albeit still very limited) data",28549,2010,"(42.304845, -72.614446)","(37.09024, -95.712891)"
50560,City of Oakland,Oakland,USA,North America,Public,,2017,Absolute target,Total,2005,2992735,36,2020,,,,419000,2015,"(37.8044, -122.2708)","(37.09024, -95.712891)"
14088,City of Oslo,Oslo,Norway,Europe,Public,C40,2017,Absolute target,Total,1990,1200000,50,2020,,,,658390,2016,"(59.9138688, 10.7522454)","(60.472024, 8.468946)"
14088,City of Oslo,Oslo,Norway,Europe,Public,C40,2017,Absolute target,Total,1990,1200000,95,2030,,,,658390,2016,"(59.9138688, 10.7522454)","(60.472024, 8.468946)"
14088,City of Oslo,Oslo,Norway,Europe,Public,C40,2017,Absolute target,Buildings,1990,320000,100,2020,,,,658390,2016,"(59.9138688, 10.7522454)","(60.472024, 8.468946)"
43911,City of Ottawa,Ottawa,Canada,North America,Public,,2017,Absolute target,Total,2012,5420000,12,2024,,,Target end date is 2024.,934243,2016,"(45.42153, -75.697193)","(56.130366, -106.346771)"
43911,City of Ottawa,Ottawa,Canada,North America,Public,,2017,Absolute target,Total,2012,5420000,80,2050,,,,934243,2016,"(45.42153, -75.697193)","(56.130366, -106.346771)"
54119,City of Palo Alto,Palo Alto,USA,North America,Public,,2017,Absolute target,Total,1990,765920,20,2020,,,2007 goals exceeded. New goals set April 2016. The City will comply with all State requirements and targets.,66478,2017,"(37.4419, -122.143)","(37.09024, -95.712891)"
54119,City of Palo Alto,Palo Alto,USA,North America,Public,,2017,Absolute target,Total,1990,765920,80,2030,,,,66478,2017,"(37.4419, -122.143)","(37.09024, -95.712891)"
54356,City of Parañaque,Parañaque,Philippines,South Asia and Oceania,Public,,2017,Absolute target,,,,,,,,,665822,2015,"(14.479309, 121.019823)","(12.879721, 121.774017)"
31175,City of Paris,Paris,France,Europe,Public,C40,2017,Absolute target,Total,2004,6259429,25,2020,,,to respect the european objectives by 2020,2265886,2015,"(48.856614, 2.3522219)","(46.227638, 2.213749)"
31175,City of Paris,Paris,France,Europe,Public,C40,2017,Absolute target,Total,2004,6259429,75,2050,,,,2265886,2015,"(48.856614, 2.3522219)","(46.227638, 2.213749)"
31175,City of Paris,Paris,France,Europe,Public,C40,2017,Absolute target,Buildings,2004,6259429,40,2030,,,,2265886,2015,"(48.856614, 2.3522219)","(46.227638, 2.213749)"
14344,"City of Park City, UT","Park City, UT",USA,North America,Public,,2017,Absolute target,Total,Other,16698,100,2032,,,Target date = 2032 community-wide,7873,2012,"(40.6461, -111.498)","(37.09024, -95.712891)"
31181,City of Philadelphia,Philadelphia,USA,North America,Public,C40,2017,Absolute target,Total,2006,21.1,80,2050,,,,1555072,2015,"(39.952335, -75.163789)","(37.09024, -95.712891)"
60656,"City of Piedmont, CA","Piedmont, CA",USA,North America,Public,,2017,Absolute target,,2005,,15,2020,,,,11082,2013,"(37.8244, -122.2316)","(37.09024, -95.712891)"
35877,City of Pittsburgh,Pittsburgh,USA,North America,Public,,2017,Absolute target,Total,2003,,20,2025,,,In PCAP 1.0 PCI set a target of 20% below 2003 baseline by 2023. We are currently developing more ambitious and specific greenhouse gas reduction targets.,305704,2016,"(40.4406248, -79.9958864)","(37.09024, -95.712891)"
35877,City of Pittsburgh,Pittsburgh,USA,North America,Public,,2017,Absolute target,Total,2003,,50,2030,,,,305704,2016,"(40.4406248, -79.9958864)","(37.09024, -95.712891)"
35877,City of Pittsburgh,Pittsburgh,USA,North America,Public,,2017,Absolute target,Buildings,2003,,50,2030,,,,305704,2016,"(40.4406248, -79.9958864)","(37.09024, -95.712891)"
35877,City of Pittsburgh,Pittsburgh,USA,North America,Public,,2017,Absolute target,Transport,2003,,50,2030,,,,305704,2016,"(40.4406248, -79.9958864)","(37.09024, -95.712891)"
58569,City of Podgorica,Podgorica,Montenegro,Europe,Public,,2017,Absolute target,Buildings,2008,267,20,2020,,,,185937,2011,"(42.43042, 19.259364)","(42.708678, 19.37439)"
58569,City of Podgorica,Podgorica,Montenegro,Europe,Public,,2017,Absolute target,Transport,2008,299,20,2020,,,,185937,2011,"(42.43042, 19.259364)","(42.708678, 19.37439)"
58569,City of Podgorica,Podgorica,Montenegro,Europe,Public,,2017,Absolute target,Other: Public lighting,2008,5,20,2020,,,,185937,2011,"(42.43042, 19.259364)","(42.708678, 19.37439)"
73302,"City of Port Allen, LA","Port Allen, LA",USA,North America,Public,,2017,Absolute target,,,,,,,,,5150,2014,"(30.4475, -91.2073)","(37.09024, -95.712891)"
14874,"City of Portland, OR","Portland, OR",USA,North America,Public,C40,2017,Absolute target,Total,1990,8989869,80,2050,,,,619360,2014,"(45.52, -122.6819)","(37.09024, -95.712891)"
46514,City of Porto,Porto,Portugal,Europe,Public,,2017,Absolute target,Total,2004,1300000,45,2020,,,,238954,2011,"(41.1579438, -8.6291053)","(39.399872, -8.224454)"
60603,"City of Prince George, BC","Prince George, BC",Canada,North America,Public,,2017,Absolute target,Total,2002,660300,2,2012,,,"City has not set new targets at this time, working on them for the near future.",74003,2016,"(53.917064, -122.749669)","(56.130366, -106.346771)"
49327,City of Providence,Providence,USA,North America,Public,,2017,Absolute target,Total,2010,2652837,100,2050,,,,178562,2014,"(41.824, -71.4128)","(37.09024, -95.712891)"
54459,City of Reykjavík,Reykjavík,Iceland,Europe,Public,,2017,Absolute target,,2007,,35,2020,,,,122460,2016,"(64.12652, -21.81744)","(64.963051, -19.020835)"
54459,City of Reykjavík,Reykjavík,Iceland,Europe,Public,,2017,Absolute target,,2007,,73,2050,,,,122460,2016,"(64.12652, -21.81744)","(64.963051, -19.020835)"
58511,"City of Richmond, CA","Richmond, CA",USA,North America,Public,,2017,Absolute target,,2005,,15,2020,,,,107571,2013,"(37.9358, -122.3477)","(37.09024, -95.712891)"
58511,"City of Richmond, CA","Richmond, CA",USA,North America,Public,,2017,Absolute target,,1990,,40,2030,,,,107571,2013,"(37.9358, -122.3477)","(37.09024, -95.712891)"
58511,"City of Richmond, CA","Richmond, CA",USA,North America,Public,,2017,Absolute target,,1990,,80,2050,,,,107571,2013,"(37.9358, -122.3477)","(37.09024, -95.712891)"
49334,"City of Richmond, VA","Richmond, VA",USA,North America,Public,,2017,Absolute target,,2008,,80,2050,,,,220289,2015,"(37.540725, -77.436048)","(37.09024, -95.712891)"
58310,City of Roanoke,Roanoke,USA,North America,Public,,2017,Absolute target,,,,,,,,,98465,2013,"(37.271, -79.9414)","(37.09024, -95.712891)"
49342,City of Rochester,Rochester,USA,North America,Public,,2017,Absolute target,Total,2010,1900000,40,2030,,,"Source: Rochester Climate Action Plan, page 32",210563,2010,"(43.161, -77.6109)","(37.09024, -95.712891)"
35878,City of Sacramento,Sacramento,USA,North America,Public,,2017,Absolute target,,2005,,15,2020,,,,490712,2015,"(38.5816, -121.4944)","(37.09024, -95.712891)"
35878,City of Sacramento,Sacramento,USA,North America,Public,,2017,Absolute target,,2005,,49,2035,,,,490712,2015,"(38.5816, -121.4944)","(37.09024, -95.712891)"
35878,City of Sacramento,Sacramento,USA,North America,Public,,2017,Absolute target,,2005,,83,2050,,,,490712,2015,"(38.5816, -121.4944)","(37.09024, -95.712891)"
58871,"City of Salem, MA",#N/A,#N/A,#N/A,Public,,2017,Absolute target,,,,,,,,,,#N/A,,
35884,City of San Diego,San Diego,USA,North America,Public,,2017,Absolute target,Total,2010,12984993,50,2035,,,,1394928,2015,"(32.718146, -117.1701)","(37.09024, -95.712891)"
35884,City of San Diego,San Diego,USA,North America,Public,,2017,Baseline scenario (business as usual) target,,2010,12984993,,2035,16715020,,,1394928,2015,"(32.718146, -117.1701)","(37.09024, -95.712891)"
31182,City of San Francisco,San Francisco,USA,North America,Public,C40,2017,Absolute target,Total,1990,6201949,80,2050,,,,864816,2016,"(37.7749295, -122.4194155)","(37.09024, -95.712891)"
31182,City of San Francisco,San Francisco,USA,North America,Public,C40,2017,Absolute target,Total,1990,6201949,40,2025,,,,864816,2016,"(37.7749295, -122.4194155)","(37.09024, -95.712891)"
31182,City of San Francisco,San Francisco,USA,North America,Public,C40,2017,Absolute target,Total,1990,6201949,25,2017,,,,864816,2016,"(37.7749295, -122.4194155)","(37.09024, -95.712891)"
35883,City of San José,San José,USA,North America,Public,,2017,Absolute target,,,,,,,,"The Envision San Jose 2040 General Plan, consistent with State of California goals, is to reduce greenhouse gas emissions to 1990 levels, and current acts as San Jose's Climate Action Plan.  San Jose is also in the process of coordinating with the County of Santa Clara to develop a new municipal Climate Action Plan.  San Jose is also in the process of developing a separate Greenhouse Gas Reduction Strategy Policy.",1042094,2016,"(37.3382, -121.8863)","(37.09024, -95.712891)"
59631,"City of San Leandro, CA","San Leandro, CA",USA,North America,Public,,2017,Absolute target,Total,2005,675800,25,2020,,,"Note this is an updated baseline from the 2010 GHG Emissions Inventory Update, dated January 2014",88441,2015,"(37.72493, -122.156077)","(37.09024, -95.712891)"
59633,"City of Santa Cruz, CA","Santa Cruz, CA",USA,North America,Public,,2017,Absolute target,Total,1990,427280,30,2020,,,Reduce community-wide greenhouse gas emissions 30% by 2020 and 80% by 2050 (compared to 1990 levels).,64220,2015,"(36.974117, -122.030796)","(37.09024, -95.712891)"
59633,"City of Santa Cruz, CA","Santa Cruz, CA",USA,North America,Public,,2017,Absolute target,Total,1990,427280,80,2050,,,Reduce community-wide greenhouse gas emissions 30% by 2020 and 80% by 2050 (compared to 1990 levels).,64220,2015,"(36.974117, -122.030796)","(37.09024, -95.712891)"
54110,City of Santa Monica,Santa Monica,USA,North America,Public,,2017,Absolute target,Total,1990,1386640,15,2015,,,,92000,2014,"(34.0219, -118.4814)","(37.09024, -95.712891)"
54110,City of Santa Monica,Santa Monica,USA,North America,Public,,2017,Absolute target,Total,1990,1386640,80,2050,,,,92000,2014,"(34.0219, -118.4814)","(37.09024, -95.712891)"
50568,City of Saskatoon,Saskatoon,Canada,North America,Public,,2017,Absolute target,Total,2014,3852171,15,Other: 2023,,,,265300,2016,"(52.133214, -106.670046)","(56.130366, -106.346771)"
50568,City of Saskatoon,Saskatoon,Canada,North America,Public,,2017,Absolute target,Total,2014,3852171,80,2050,,,,265300,2016,"(52.133214, -106.670046)","(56.130366, -106.346771)"
16581,City of Seattle,Seattle,USA,North America,Public,C40,2017,Absolute target,Total,2008,3647000,100,2050,,,Our long-term goals are: 58% reduction by 2030 Zero net emissions by 2050.,662400,2015,"(47.6062, -122.3321)","(37.09024, -95.712891)"
51075,City of Shenzhen,Shenzhen,China,East Asia,Public,C40,2017,Base year intensity target,Other: Total city-wide emissions,2005,1.48,45,,,Metric tonnes of CO2e per unit GDP,,13000000,2016,"(22.917478, 113.813461)","(35.86166, 104.195397)"
31113,City of Yokohama,Yokohama,Japan,East Asia,Public,C40,2017,Absolute target,Other: 5 gases other than C2,2005,410000,22,2020,,,,3731096,2017,"(35.4437078, 139.6380256)","(36.204824, 138.252924)"
58531,"City of Somerville, MA","Somerville, MA",USA,North America,Public,,2017,Absolute target,Total,2014,609561,100,2050,,,"Somerville has a carbon neutrality by 2050 goal.  The exact technical definition of carbon neutrality, for accounting purposes, has not yet been finalized.",78900,2014,"(42.393449, -71.082647)","(37.09024, -95.712891)"
35393,City of St Louis,St Louis,USA,North America,Public,,2017,Absolute target,Total,2005,8081418,80,2050,,,,319294,2010,"(38.627, -90.1994)","(37.09024, -95.712891)"
3429,City of Stockholm,Stockholm,Sweden,Europe,Public,C40,2017,Absolute target,Total,1990,3668000,100,2040,,,City-wide emissions,923516,2015,"(59.3293235, 18.0685808)","(60.128161, 18.643501)"
31114,City of Sydney,Sydney,Australia,South Asia and Oceania,Public,C40,2017,Absolute target,Total,2005,5920000,70,2030,,,Baseline emissions were calculated based in GPC Basic+ S3 methodology,210931,2016,"(-33.8674869, 151.2069902)","(-25.274398, 133.775136)"
59563,"City of Takoma Park, MD","Takoma Park, MD",USA,North America,Public,,2017,Absolute target,,2012,94572,80,2050,,,"Takoma Park's previous baseline, 2000 was completed under a different protocol and advances in measurement and formula have made it hard to compare 2000's data to today's current methodology. The 2000 figure was 119,341 based on the older protocol. 			",17721,2013,"(38.9779, -77.0075)","(37.09024, -95.712891)"
31117,City of Toronto,Toronto,Canada,North America,Public,C40,2017,Absolute target,Total,1990,27051617,30,2020,,,,2753100,2011,"(43.653226, -79.3831843)","(56.130366, -106.346771)"
31117,City of Toronto,Toronto,Canada,North America,Public,C40,2017,Absolute target,Total,,27051617,80,2050,,,"TransformTO (yet to be adopted fully by Council, will update this Plan with an interim target in 2030)",2753100,2011,"(43.653226, -79.3831843)","(56.130366, -106.346771)"
50154,City of Turku,Turku,Finland,Europe,Public,,2017,Absolute target,Total,2013,970000,100,2040,,,"In 2014 ambitious target was set by the city council, which aims to make Turku carbon-neutral by 2040. In 2013 city-wide emissions were 1110 kt CO2-e, while carbon sinks were approx. 140 kt CO2-e.			",187000,2016,"(60.4518126, 22.2666303)","(61.92411, 25.748151)"
20113,City of Vancouver,Vancouver,Canada,North America,Public,C40,2017,Absolute target,Total,2007,2805000,33,2020,,,See the Greenest City Action Plan for details.,631486,2016,"(49.261226, -123.1139268)","(56.130366, -106.346771)"
20113,City of Vancouver,Vancouver,Canada,North America,Public,C40,2017,Absolute target,Buildings,2007,1300000,20,2020,,,See the Greenest City Action Plan for details.,631486,2016,"(49.261226, -123.1139268)","(56.130366, -106.346771)"
58357,City of West Hollywood,West Hollywood,USA,North America,Public,,2017,Absolute target,,2008,,25,2035,,,The target is 20-25% over 2008 levels. The City will update this goal to reflect California law when it updates the CAP in 2017.,34399,2010,"(34.09, -118.3617)","(37.09024, -95.712891)"
55801,City of West Palm Beach,West Palm Beach,USA,North America,Public,,2017,Absolute target,Total,2013,1484767,100,2050,,,,106779,2016,"(26.715342, -80.053375)","(37.09024, -95.712891)"
55801,City of West Palm Beach,West Palm Beach,USA,North America,Public,,2017,Absolute target,Total,2013,1484767,25,2025,,,,106779,2016,"(26.715342, -80.053375)","(37.09024, -95.712891)"
50578,City of Windsor,Windsor,Canada,North America,Public,,2017,Base year intensity target,Other: Total,2014,9,40,,,Metric tonnes of CO2e per capita,Reduce GHG emissions by 40 per cent by 2041 from 8.8t CO2e per capita in 2014.,217188,2016,"(42.314937, -83.036363)","(56.130366, -106.346771)"
50579,City of Winnipeg,Winnipeg,Canada,North America,Public,,2017,Absolute target,Total,1998,5257324,6,,,,No firm target date or action plan. We are currently soliciting applications from third-party consultants to assist the city with formulating an action plan.,735600,2016,"(49.8997541, -97.1374937)","(56.130366, -106.346771)"
54497,City of Wroclaw,Wroclaw,Poland,Europe,Public,,2017,Absolute target,Total,1990,4422676,21,2020,,,,635759,2015,"(51.107885, 17.038538)","(51.919438, 19.145136)"
31113,City of Yokohama,Yokohama,Japan,East Asia,Public,C40,2017,Absolute target,Total,2005,19540000,16,2020,,,,3731096,2017,"(35.4437078, 139.6380256)","(36.204824, 138.252924)"
31113,City of Yokohama,Yokohama,Japan,East Asia,Public,C40,2017,Absolute target,Other: Residential,2005,4390000,21,2020,,,,3731096,2017,"(35.4437078, 139.6380256)","(36.204824, 138.252924)"
31113,City of Yokohama,Yokohama,Japan,East Asia,Public,C40,2017,Absolute target,Other: Commercial,2005,3350000,7,2020,,,,3731096,2017,"(35.4437078, 139.6380256)","(36.204824, 138.252924)"
31113,City of Yokohama,Yokohama,Japan,East Asia,Public,C40,2017,Absolute target,Other: Industries,2005,2950000,8,2020,,,,3731096,2017,"(35.4437078, 139.6380256)","(36.204824, 138.252924)"
31113,City of Yokohama,Yokohama,Japan,East Asia,Public,C40,2017,Absolute target,Other: Energy Industries,2005,3680000,4,2020,,,,3731096,2017,"(35.4437078, 139.6380256)","(36.204824, 138.252924)"
31113,City of Yokohama,Yokohama,Japan,East Asia,Public,C40,2017,Absolute target,Transport,2005,4340000,50,2020,,,,3731096,2017,"(35.4437078, 139.6380256)","(36.204824, 138.252924)"
31113,City of Yokohama,Yokohama,Japan,East Asia,Public,C40,2017,Absolute target,Waste,2005,430000,2,2020,,,,3731096,2017,"(35.4437078, 139.6380256)","(36.204824, 138.252924)"
31113,City of Yokohama,Yokohama,Japan,East Asia,Public,C40,2017,Absolute target,Other: Absorption through forests and tree planting,2005,,,2020,,,,3731096,2017,"(35.4437078, 139.6380256)","(36.204824, 138.252924)"
46473,City of Zaragoza,Zaragoza,Spain,Europe,Public,,2017,Absolute target,,2010,,20,2020,,,,702564,2016,"(41.608629, -0.887012)","(40.463667, -3.74922)"
50357,Ciudad de Mendoza,Mendoza,Argentina,Latin America,Public,,2017,Absolute target,,,,,,,,,114822,2010,"(-32.889459, -68.845839)","(-38.416097, -63.616672)"
62180,Communauté urbaine du Grand Nancy,Nancy,France,Europe,Public,,2017,Absolute target,,1990,,20,2020,,,,265000,2014,"(48.692054, 6.184417)","(46.227638, 2.213749)"
36261,Comune di Bolzano,Bolzano,Italy,Europe,Public,,2017,Absolute target,,2010,,23,2020,,,,106397,2015,"(46.499681, 11.356576)","(41.87194, 12.56738)"
36286,Comune di Ferrara,Ferrara,Italy,Europe,Public,,2017,Absolute target,Total,2007,,25.5,2020,,,,133155,2015,"(44.8357395, 11.6189949)","(41.87194, 12.56738)"
36285,Comune di Firenze,Firenze,Italy,Europe,Public,,2017,Absolute target,Total,2005,2519980,21,2020,,,adopted in 2011,377635,2017,"(39.627269, -90.610682)","(41.87194, 12.56738)"
36285,Comune di Firenze,Firenze,Italy,Europe,Public,,2017,Absolute target,Total,2005,2519980,35,2020,,,after the monitoring 2014,377635,2017,"(39.627269, -90.610682)","(41.87194, 12.56738)"
36285,Comune di Firenze,Firenze,Italy,Europe,Public,,2017,Absolute target,Total,2005,2519980,40,2030,,,adopted in 2015 with SCP,377635,2017,"(39.627269, -90.610682)","(41.87194, 12.56738)"
36285,Comune di Firenze,Firenze,Italy,Europe,Public,,2017,Absolute target,Total,2005,2519980,80,2050,,,adopted in 2015 with SCP,377635,2017,"(39.627269, -90.610682)","(41.87194, 12.56738)"
36262,Comune di Genova,Genova,Italy,Europe,Public,,2017,Absolute target,,2005,,23,2020,,,,583601,2016,"(44.347961, 9.318415)","(41.87194, 12.56738)"
31173,Comune di Milano,Milano,Italy,Europe,Public,C40,2017,Absolute target,Total,2005,7418000,20,2020,,,,1359905,2015,"(45.802578, 9.086356)","(41.87194, 12.56738)"
36484,Comune di Monza,Monza,Italy,Europe,Public,,2017,Absolute target,Total,2005,541850,24.8,2020,,,,122955,2016,"(45.831487, 9.0371)","(41.87194, 12.56738)"
36158,Comune di Napoli,Napoli,Italy,Europe,Public,,2017,Absolute target,,2005,,25,2020,,,,960000,2011,"(40.8419943, 14.2513831)","(41.87194, 12.56738)"
36489,Comune di Olbia,Olbia,Italy,Europe,Public,,2017,Absolute target,,2009,,25.23,2020,,,,59977,2016,"(41.882316, 12.505936)","(41.87194, 12.56738)"
36252,Comune di Oristano,Oristano,Italy,Europe,Public,,2017,Baseline scenario (business as usual) target,Public buildings,2016,,,2020,,,,31630,2015,"(39.720664, 8.898007)","(41.87194, 12.56738)"
36494,Comune di Padova,Padova,Italy,Europe,Public,,2017,Absolute target,Total,2005,,20,2020,,,"In addition to the emission-reducing activities mentioned below, the emission-reducing activities on local government level are part of the total reduction aim of 20%.",210000,2017,"(45.4064, -11.8768)","(41.87194, 12.56738)"
36492,Comune di Parma,Parma,Italy,Europe,Public,,2017,Absolute target,Total,2004,,20,2020,,,Targeting to continue monitoring by 2015,194000,2017,"(44.8015, 10.3279)","(41.87194, 12.56738)"
36492,Comune di Parma,Parma,Italy,Europe,Public,,2017,Base year intensity target,Other: Total,2004,6,20,,,Metric tonnes of CO2e per capita,,194000,2017,"(44.8015, 10.3279)","(41.87194, 12.56738)"
36495,Comune di Piacenza,Piacenza,Italy,Europe,Public,,2017,Absolute target,,1990,,20.4,2020,,,The emission reduction is calculated with respect to the reference scenario (BAU) in 2020.Were considered only CO2 emissions related to the areas of competence of the Municipality of Piacenza.,102269,2014,"(45.0519969, 9.6926451)","(41.87194, 12.56738)"
36263,Comune di Ravenna,Ravenna,Italy,Europe,Public,,2017,Absolute target,,2007,,23.9,2020,,,This target is related to CO2 emission and was set in the Covenant of Mayors. The target is applied to the whole CO2 emissions including together Local Government Operations and Community.,391414,2016,"(41.913028, 12.518037)","(41.87194, 12.56738)"
36518,Comune di Udine,Udine,Italy,Europe,Public,,2017,Absolute target,,2006,,20,2020,,,,99528,2013,"(46.0667, 13.2333)","(41.87194, 12.56738)"
36254,Comune di Venezia,Venezia,Italy,Europe,Public,C40,2017,Absolute target,Total,2005,1494744,23,2020,,,"the baseline inventory is calculated under the Covenant of Mayors rules, it includes private and public buildings, private and public transports, public lighting. It excludes big ships, flight, power plants >20MW.",261905,2016,"(45.4332515, 12.3210704)","(41.87194, 12.56738)"
31090,District of Columbia,"Washington, DC",USA,North America,Public,C40,2017,Absolute target,Total,2006,10101895,80,2032,,,,681170,2016,"(38.9071923, -77.0368707)","(37.09024, -95.712891)"
42178,Distrito Metropolitano de Quito,Quito,Ecuador,Latin America,Public,C40,2017,Baseline scenario (business as usual) target,Stationary energy (buildings),2015,1988306,,2040,3503458,,,2239191,2010,"(-0.2333, -78.5167)","(-1.831239, -78.183406)"
42178,Distrito Metropolitano de Quito,Quito,Ecuador,Latin America,Public,C40,2017,Baseline scenario (business as usual) target,Transportation,2015,3004296,,2040,5293629,,,2239191,2010,"(-0.2333, -78.5167)","(-1.831239, -78.183406)"
42178,Distrito Metropolitano de Quito,Quito,Ecuador,Latin America,Public,C40,2017,Baseline scenario (business as usual) target,Waste,2015,766587,,2040,1348291,,,2239191,2010,"(-0.2333, -78.5167)","(-1.831239, -78.183406)"
42178,Distrito Metropolitano de Quito,Quito,Ecuador,Latin America,Public,C40,2017,Baseline scenario (business as usual) target,Residential buildings,2015,897109,,2040,1580735,,,2239191,2010,"(-0.2333, -78.5167)","(-1.831239, -78.183406)"
42178,Distrito Metropolitano de Quito,Quito,Ecuador,Latin America,Public,C40,2017,Baseline scenario (business as usual) target,Public buildings,2015,453334,,2040,798789,,,2239191,2010,"(-0.2333, -78.5167)","(-1.831239, -78.183406)"
42178,Distrito Metropolitano de Quito,Quito,Ecuador,Latin America,Public,C40,2017,Baseline scenario (business as usual) target,Commercial buildings,2015,0,,2040,0,,,2239191,2010,"(-0.2333, -78.5167)","(-1.831239, -78.183406)"
42178,Distrito Metropolitano de Quito,Quito,Ecuador,Latin America,Public,C40,2017,Baseline scenario (business as usual) target,Industrial buildings,2015,635118,,,1119098,,,2239191,2010,"(-0.2333, -78.5167)","(-1.831239, -78.183406)"
42178,Distrito Metropolitano de Quito,Quito,Ecuador,Latin America,Public,C40,2017,Baseline scenario (business as usual) target,Wastewater,2015,0,,,0,,,2239191,2010,"(-0.2333, -78.5167)","(-1.831239, -78.183406)"
31313,Dublin City Council,Dublin,Ireland,Europe,Public,,2017,Absolute target,,2006,,20,2020,,,,527612,2011,"(53.344479, -6.270843)","(53.41291, -8.24389)"
62855,Egedal Municipality,Egedal,Denmark,Europe,Public,,2017,Absolute target,Total,2009,268000,7,2020,,,"The municipality are increasing in terms of citizens, business, buldings,highways etc.",42000,2015,"(55.795045, 12.238733)","(56.26392, 9.501785)"
58671,Elsinore Municipality,Elsinore,Denmark,Europe,Public,,2017,Absolute target,Total,2008,415000,20,2020,,,"As a signatory of Covenant of Mayors (now combined with Compact of Mayors), Elsinore Municipality made a SEAP and committed itself to reduce the CO2eq emissions by at least 20 by 2020.",61632,2015,"(56.0308, 12.5921)","(56.2639, 9.5018)"
58671,Elsinore Municipality,Elsinore,Denmark,Europe,Public,,2017,Absolute target,Total,2008,415000,85,2030,,,Maximum 1 ton CO2eq per citizen by 2030. That is a percentage reduction target of around 85.,61632,2015,"(56.0308, 12.5921)","(56.2639, 9.5018)"
58671,Elsinore Municipality,Elsinore,Denmark,Europe,Public,,2017,Absolute target,Total,2008,415000,100,2050,,,Carbon neutral by 2050 at the latest.,61632,2015,"(56.0308, 12.5921)","(56.2639, 9.5018)"
50671,Fafe,Fafe,Portugal,Europe,Public,,2017,Absolute target,Total,2008,38991,21,2020,,,,49351,2015,"(41.4508217, -8.1728619)","(39.399872, -8.224454)"
63543,Fredensborg Kommune,Fredensborg,Denmark,Europe,Public,,2017,Absolute target,Total,2010,,25,2020,,,In 2016 and 2017 a methodology change to the GPC-stand has been on the way. The baseline year emissions will possible be converted to this standard.,40112,2016,"(55.9747, 12.4058)","(56.26392, 9.501785)"
63543,Fredensborg Kommune,Fredensborg,Denmark,Europe,Public,,2017,Absolute target,Total,2010,,100,2050,,,In 2016 and 2017 a methodology change to the GPC-stand has been on the way. The baseline year emissions will possible be converted to this standard.,40112,2016,"(55.9747, 12.4058)","(56.26392, 9.501785)"
60577,Frederikshavn Kommune,Frederikshavn,Denmark,Europe,Public,,2017,Absolute target,Total,2010,547000,100,2030,,,"Fossil energy consumption related to private cars represent 40% of total energy consumption in the transport sector in the municipality. Since Frederikshavn Municipality cannot affect the conversion of private cars fossil energy, neither fossil energy consumption of train operations, shipping and aircraft transportation, it is a political decision that there must be produced as much renewable energy in the municipality's geographical boundary that corresponds to fossil energy consumption of private cars, trains, shipping and aircraft transport.",60379,2015,"(57.442711, 10.521006)","(56.26392, 9.501785)"
35868,Free and Hanseatic City of Hamburg,Hamburg,Germany,Europe,Public,,2017,Absolute target,,1990,,80,2050,,,,1787408,2015,"(53.5510846, 9.9936818)","(51.165691, 10.451526)"
35868,Free and Hanseatic City of Hamburg,Hamburg,Germany,Europe,Public,,2017,Absolute target,,1990,,50,2030,,,,1787408,2015,"(53.5510846, 9.9936818)","(51.165691, 10.451526)"
58424,Gdansk,Gdańsk,Poland,Europe,Public,,2017,Absolute target,,2013,,21,2020,,,,461489,2014,"(54.352, 18.6466)","(51.919438, 19.145136)"
54461,Gemeente Groningen,Groningen,Netherlands,Europe,Public,,2017,Absolute target,Total,2006,900000,100,2035,,,,200500,2016,"(53.232386, 6.551335)","(52.132633, 5.291266)"
31179,Gemeente Rotterdam,Rotterdam,Netherlands,Europe,Public,C40,2017,Absolute target,Total,1990,23700000,25,2020,,,Same as national target,624000,2014,"(51.9163716, 4.4509382)","(52.132633, 5.291266)"
59165,Gladsaxe Kommune,Gladsaxe,Denmark,Europe,Public,,2017,Absolute target,Total,2007,499740,40,2020,,,,67347,2015,"(55.733461, 12.488686)","(56.26392, 9.501785)"
31055,Glasgow City Council,Glasgow,United Kingdom,Europe,Public,,2017,Absolute target,,2006,39873000,30,2020,,,,598830,2011,"(55.859272, -4.212783)","(55.378051, -3.435973)"
60394,Gobierno Autónomo Municipal de Tarija,Tarija,Bolivia,Latin America,Public,,2017,Absolute target,,,,,,,,,2053757,2012,"(-21.266606, -63.488416)","(-16.290154, -63.588653)"
50359,Gobierno Municipal de León de los Aldamas,#N/A,#N/A,#N/A,Public,,2017,Absolute target,,2013,,20,2020,,,Meta global de mitigación definida en el programa municipal de cambio climático.,,#N/A,,
31187,Seoul Metropolitan Government,Seoul ,South Korea,East Asia,Public,C40,2017,Absolute target,,,,,,,,,10204000,2016,"(37.566535, 126.9779692)","(35.907757, 127.766922)"
31169,Government of Hong Kong Special Administrative Region,Hong Kong,Hong Kong,East Asia,Public,C40,2017,Base year intensity target,Other: Total,2005,0,50,,,Metric tonnes of CO2e per unit GDP,,7336600,2016,"(22.2880809, 114.1398015)","(22.396428, 114.109497)"
31169,Government of Hong Kong Special Administrative Region,Hong Kong,Hong Kong,East Asia,Public,C40,2017,Base year intensity target,Other: Total,2005,0,65,,,Metric tonnes of CO2e per unit GDP,,7336600,2016,"(22.2880809, 114.1398015)","(22.396428, 114.109497)"
3422,Greater London Authority,London ,United Kingdom,Europe,Public,C40,2017,Absolute target,Total,1990,45050000,60,2025,,,,8600000,2015,"(51.504858, -0.078689)","(55.378051, -3.435973)"
3422,Greater London Authority,London ,United Kingdom,Europe,Public,C40,2017,Absolute target,Total,1990,45050000,80,2050,,,Please note in the new integrated Environment Strategy we will set a target for Lonon to become a zero carbon city by 2050,8600000,2015,"(51.504858, -0.078689)","(55.378051, -3.435973)"
35898,Greater Manchester,Manchester,United Kingdom,Europe,Public,,2017,Absolute target,Total,1990,21200000,48,2020,,,See Climate Change and Low Emission Strategies’Whole Place Implementation Plan for Greater Manchester(2016-2020) (attached for detailed actions.,2762000,2014,"(53.4575955, -2.1578377)","(55.378051, -3.435973)"
58489,Hoeje-Taastrup Kommune,Hoeje-Taastrup,Denmark,Europe,Public,,2017,Absolute target,Total,2012,312026,95,2050,,,,49960,2016,"(55.656328, 12.2898)","(56.26392, 9.501785)"
58797,Hørsholm Kommune,Hørsholm,Denmark,Europe,Public,,2017,Absolute target,,2010,,20,2020,,,,24709,2014,"(55.883514, 12.504924)","(56.26392, 9.501785)"
70247,Hsinchu City Government,Hsinchu City,Taiwan,East Asia,Public,,2017,Absolute target,Total,2013,805953,6,2018,,,,438322,2017,"(24.807345, 120.968248)","(23.6978, 120.9605)"
70247,Hsinchu City Government,Hsinchu City,Taiwan,East Asia,Public,,2017,Absolute target,Total,2013,805953,12,2021,,,,438322,2017,"(24.807345, 120.968248)","(23.6978, 120.9605)"
70247,Hsinchu City Government,Hsinchu City,Taiwan,East Asia,Public,,2017,Absolute target,Total,2013,805953,17,2026,,,,438322,2017,"(24.807345, 120.968248)","(23.6978, 120.9605)"
54390,Hsinchu County Government,Hsinchu County,Taiwan,East Asia,Public,,2017,Absolute target,,2011,,5,2020,,,,537948,2015,"(24.8269, 121.0129)","(23.69781, 120.960515)"
54390,Hsinchu County Government,Hsinchu County,Taiwan,East Asia,Public,,2017,Absolute target,,2011,,10,2025,,,,537948,2015,"(24.8269, 121.0129)","(23.69781, 120.960515)"
54388,Iskandar Regional Development Authority,Iskandar ,Malaysia,South Asia and Oceania,Public,,2017,Base year intensity target,Other:,2005,11,58,,,Metric tonnes of CO2e per unit GDP,,1945000,2016,"(5.714476, 100.992084)","(4.210484, 101.975766)"
31112,Kaohsiung City Government,Kaohsiung,Taiwan,East Asia,Public,,2017,Baseline scenario (business as usual) target,Stationary energy (buildings),2005,67326998,,2020,67326998,"Chu Chen, Mayor of Kaohsiung City had set up short term GHG reduction target, decreasing 20% by 2020 compared with the emissions in 2005. Therefore, city has to build up its future BAU for comparison with baseline emissions, to estimate how many should city reduce in order to reach the target.",,2779371,2016,"(22.629705, 120.343804)","(23.69781, 120.960515)"
54443,Landeshauptstadt Magdeburg,Magdeburg,Germany,Europe,Public,,2017,Absolute target,,1990,,95,2050,,,GHG sources towhich the target applies:CO2-City-wideSolutions of the municipal council,238000,2015,"(52.1205, 11.6276)","(51.165691, 10.451526)"
54443,Landeshauptstadt Magdeburg,Magdeburg,Germany,Europe,Public,,2017,Absolute target,,2012,,86,2050,,,GHG sources towhich the target applies:CO2-City-wideSolutions of the municipal council,238000,2015,"(52.1205, 11.6276)","(51.165691, 10.451526)"
63542,Lejre Kommune,Lejre,Denmark,Europe,Public,,2017,Absolute target,,2011,,30,2020,,,,27317,2016,"(55.6013, 11.9645)","(56.26392, 9.501785)"
55616,Los Altos Hills,Los Altos Hills,USA,North America,Public,,2017,Absolute target,,2005,,30,2025,,,"Not yet approved by town council. Our prior target was 30% below 2005 levels by 2015, and we achieved 15%.",7992,2016,"(37.3797, -122.1375)","(37.09024, -95.712891)"
43940,Malmö Stad,Malmö,Sweden,Europe,Public,,2017,Absolute target,,,,,,,,,328494,2017,"(55.605, 13.0038)","(60.128161, 18.643501)"
31170,Metropolitan Municipality of Lima,Lima,Peru,Latin America,Public,C40,2017,Baseline scenario (business as usual) target,Waste,2015,3093113,,2025,620000,,,8755262,2014,"(-12.046374, -77.042793)","(-9.189967, -75.015152)"
59180,Middelfart Kommune,Middelfart,Denmark,Europe,Public,,2017,Absolute target,Buildings,2010,70365,,2025,,,,38093,2017,"(55.470958, 9.872643)","(56.26392, 9.501785)"
59180,Middelfart Kommune,Middelfart,Denmark,Europe,Public,,2017,Absolute target,Transport,2010,104276,,2025,,,,38093,2017,"(55.470958, 9.872643)","(56.26392, 9.501785)"
59180,Middelfart Kommune,Middelfart,Denmark,Europe,Public,,2017,Absolute target,Total,2010,362234,50,2025,,,,38093,2017,"(55.470958, 9.872643)","(56.26392, 9.501785)"
43975,Municipalidad de Magdalena del Mar,Magdalena del Mar,Peru,Latin America,Public,,2017,Absolute target,,2015,,30,2030,,,,54656,2015,"(-12.091653, -77.06705)","(-9.19, -75.0152)"
59167,Municipalidad de Providencia,Providencia,Chile,Latin America,Public,,2017,Absolute target,,,,,,,,,147533,2015,"(-33.431297, -70.609189)","(-35.675147, -71.542969)"
60416,Municipalidad de San Isidro (Argentina),San Isidro,Argentina,Latin America,Public,,2017,Absolute target,,,,,,,,,292878,2010,"(-32.977511, -68.812232)","(-38.416097, -63.616672)"
60416,Municipalidad de San Isidro (Argentina),San Isidro,Argentina,Latin America,Public,,2017,Absolute target,,,,,,,,,292878,2010,"(-32.977511, -68.812232)","(-38.416097, -63.616672)"
60416,Municipalidad de San Isidro (Argentina),San Isidro,Argentina,Latin America,Public,,2017,Absolute target,,,,,,,,,292878,2010,"(-32.977511, -68.812232)","(-38.416097, -63.616672)"
60392,Municipalidad de San Isidro (Lima),San Isidro (Lima),Peru,Latin America,Public,,2017,Baseline scenario (business as usual) target,Stationary energy (buildings),2015,171169.05,,2020,,,,54206,2015,"(-12.09772, -77.027336)","(-9.19, -75.0152)"
60392,Municipalidad de San Isidro (Lima),San Isidro (Lima),Peru,Latin America,Public,,2017,Baseline scenario (business as usual) target,Transportation,2015,61438.26,,Other:,,,,54206,2015,"(-12.09772, -77.027336)","(-9.19, -75.0152)"
60392,Municipalidad de San Isidro (Lima),San Isidro (Lima),Peru,Latin America,Public,,2017,Baseline scenario (business as usual) target,Waste,2015,110623.19,,2020,,,,54206,2015,"(-12.09772, -77.027336)","(-9.19, -75.0152)"
60229,Municipality of Arendal,Arendal,Norway,Europe,Public,,2017,Base year intensity target,Other: Total,2009,,76,,,Metric tonnes of CO2e per capita,,44574,2016,"(58.461757, 8.77245)","(60.472, 8.4689)"
35848,Municipality of Belo Horizonte,Belo Horizonte,Brazil,Latin America,Public,,2017,Absolute target,Total,2007,3.2,20,2030,,,,2513451,2016,"(-19.916681, -43.934493)","(-14.235004, -51.92528)"
60002,Municipality of Cainta,Cainta,Philippines,South Asia and Oceania,Public,,2017,Absolute target,Other: Energy,2015,299945,10,2016,,,,322128,2015,"(14.5865, 121.1149)","(12.879721, 121.774017)"
60002,Municipality of Cainta,Cainta,Philippines,South Asia and Oceania,Public,,2017,Absolute target,Waste,2015,90271,15,2016,,,,322128,2015,"(14.5865, 121.1149)","(12.879721, 121.774017)"
60002,Municipality of Cainta,Cainta,Philippines,South Asia and Oceania,Public,,2017,Absolute target,Other: Agriculture,2015,174,5,2016,,,"Diversion of agricultural land to industrial, commercial and residential.",322128,2015,"(14.5865, 121.1149)","(12.879721, 121.774017)"
60002,Municipality of Cainta,Cainta,Philippines,South Asia and Oceania,Public,,2017,Absolute target,Transport,2015,123940,20,2016,,,,322128,2015,"(14.5865, 121.1149)","(12.879721, 121.774017)"
60002,Municipality of Cainta,Cainta,Philippines,South Asia and Oceania,Public,,2017,Base year intensity target,Stationary energy (buildings),Other: 2017,53990,20,,,,,322128,2015,"(14.5865, 121.1149)","(12.879721, 121.774017)"
60002,Municipality of Cainta,Cainta,Philippines,South Asia and Oceania,Public,,2017,Base year intensity target,Waste,Other: 2017,30336,50,,,,,322128,2015,"(14.5865, 121.1149)","(12.879721, 121.774017)"
60002,Municipality of Cainta,Cainta,Philippines,South Asia and Oceania,Public,,2017,Base year intensity target,Other: Agriculture,Other: 2017,0,0,,,,,322128,2015,"(14.5865, 121.1149)","(12.879721, 121.774017)"
60002,Municipality of Cainta,Cainta,Philippines,South Asia and Oceania,Public,,2017,Base year intensity target,Transportation,Other:,29758,30,,,,,322128,2015,"(14.5865, 121.1149)","(12.879721, 121.774017)"
60002,Municipality of Cainta,Cainta,Philippines,South Asia and Oceania,Public,,2017,Baseline scenario (business as usual) target,Stationary energy (buildings),Other: 2017,269951,,Other: 2018,53990,It is a material tom include the agricultural sector due to non-availability of land.,,322128,2015,"(14.5865, 121.1149)","(12.879721, 121.774017)"
60002,Municipality of Cainta,Cainta,Philippines,South Asia and Oceania,Public,,2017,Baseline scenario (business as usual) target,Transportation,Other: 2017,99192,,Other: 2018,49956,,,322128,2015,"(14.5865, 121.1149)","(12.879721, 121.774017)"
60002,Municipality of Cainta,Cainta,Philippines,South Asia and Oceania,Public,,2017,Baseline scenario (business as usual) target,Waste,Other: 2017,7673,,Other:,767.3,,,322128,2015,"(14.5865, 121.1149)","(12.879721, 121.774017)"
35872,Municipality of Recife,Recife,Brazil,Latin America,Public,,2017,Absolute target,Total,2012,3120425,11.28,2020,,,"2012 was used as a baseline year to extrapolate the next years total GHG emissons. In this way, the 2020 GHG emissions reference scenario is 4.093.521 tCO2e, and the absolute reduction (11.28%) will be of 461.767 tCO2e.",1625583,2016,"(-8.057838, -34.882897)","(-14.235004, -51.92528)"
35872,Municipality of Recife,Recife,Brazil,Latin America,Public,,2017,Absolute target,Total,2012,3120425,24.6,2030,,,"2012 was used as a baseline year to extrapolate the next years total GHG emissons. In this way, the 2030 GHG emissions reference scenario 5776965 tCO2e, and the absolute reduction (24.60%) will be of 1421136 tCO2e.",1625583,2016,"(-8.057838, -34.882897)","(-14.235004, -51.92528)"
35872,Municipality of Recife,Recife,Brazil,Latin America,Public,,2017,Absolute target,Total,2012,3120425,19.62,2040,,,"2012 was used as a baseline year to extrapolate the next years total GHG emissons. In this way, the 2040 GHG emissions reference scenario is 8272718 tCO2e, and the absolute reduction (19.62%) will be of 1623344 tCO2e. It is important to note that from 2030, the impact of the GHG Emission Reduction Plan loses efficiency, as many of the actions reach their greatest potential before that date. Thus, in a few years, it is necessary to update the GHG Emission Reduction Plan, mainly in the transportation sector.",1625583,2016,"(-8.057838, -34.882897)","(-14.235004, -51.92528)"
35872,Municipality of Recife,Recife,Brazil,Latin America,Public,,2017,Baseline scenario (business as usual) target,Transportation,2012,2038873,,2040,5171113,,,1625583,2016,"(-8.057838, -34.882897)","(-14.235004, -51.92528)"
35872,Municipality of Recife,Recife,Brazil,Latin America,Public,,2017,Baseline scenario (business as usual) target,Industrial buildings,2012,151939,,2040,420219,,,1625583,2016,"(-8.057838, -34.882897)","(-14.235004, -51.92528)"
35872,Municipality of Recife,Recife,Brazil,Latin America,Public,,2017,Baseline scenario (business as usual) target,Commercial buildings,2012,115167,,2040,405712,,,1625583,2016,"(-8.057838, -34.882897)","(-14.235004, -51.92528)"
35872,Municipality of Recife,Recife,Brazil,Latin America,Public,,2017,Baseline scenario (business as usual) target,Residential buildings,2012,202164,,2040,792509,,,1625583,2016,"(-8.057838, -34.882897)","(-14.235004, -51.92528)"
35872,Municipality of Recife,Recife,Brazil,Latin America,Public,,2017,Baseline scenario (business as usual) target,Waste,2012,601390,,2040,700000,,,1625583,2016,"(-8.057838, -34.882897)","(-14.235004, -51.92528)"
55334,Município de Braga,Braga,Portugal,Europe,Public,,2017,Absolute target,Total,2008,,20,2020,,,Target according to the Covenant of Mayors,182000,2011,"(41.533751, -8.438218)","(39.399872, -8.224454)"
55324,Município de Guimarães,Guimarães,Portugal,Europe,Public,,2017,Absolute target,Total,2008,146651,20,2020,,,,154920,2015,"(41.444266, -8.292241)","(39.399872, -8.224454)"
55442,Município de Moita,Moita,Portugal,Europe,Public,,2017,Absolute target,,2008,,20,2020,,,,66029,2011,"(41.30284, -8.65731)","(39.399872, -8.224454)"
56276,New Taipei City Government,New Taipei ,Taiwan,East Asia,Public,,2017,Absolute target,Other: Stationary energy (buildings),2005,6449472,25,2030,,,,3970644,2016,"(25.0111, 121.4458)","(23.69781, 120.960515)"
56276,New Taipei City Government,New Taipei ,Taiwan,East Asia,Public,,2017,Absolute target,Other: Industrial buildings,2005,7024594,25,2030,,,,3970644,2016,"(25.0111, 121.4458)","(23.69781, 120.960515)"
56276,New Taipei City Government,New Taipei ,Taiwan,East Asia,Public,,2017,Absolute target,Transport,2005,4807477,25,2030,,,,3970644,2016,"(25.0111, 121.4458)","(23.69781, 120.960515)"
56276,New Taipei City Government,New Taipei ,Taiwan,East Asia,Public,,2017,Absolute target,Waste,2005,510068,25,2030,,,,3970644,2016,"(25.0111, 121.4458)","(23.69781, 120.960515)"
3417,New York City,New York City,USA,North America,Public,C40,2017,Absolute target,Total,2005,61060000,40,2030,,,,8537673,2016,"(40.7127837, -74.0059413)","(37.09024, -95.712891)"
3417,New York City,New York City,USA,North America,Public,C40,2017,Absolute target,Total,2005,61060000,80,2050,,,,8537673,2016,"(40.7127837, -74.0059413)","(37.09024, -95.712891)"
54347,Pasig City Government,Pasig,Philippines,South Asia and Oceania,Public,,2017,Absolute target,Total,2010,,10,2020,,,,772695,2016,"(14.58691, 121.0614)","(12.879721, 121.774017)"
57347,Pingtung County Government,Pingtung ,Taiwan,East Asia,Public,,2017,Absolute target,,2013,,30,2030,,,"Pingtung County set up the GHG emission reduction goal, decreasing 30% by 2030 compared with the emission in 2013.",835792,2016,"(22.6558, 120.4703)","(23.69781, 120.960515)"
50386,Prefeitura de Cuiabá,Cuiabá,Brazil,Latin America,Public,,2017,Absolute target,,,,,,,,,580489,2015,"(-15.881977, -52.266326)","(-14.235004, -51.92528)"
50384,Prefeitura de Florianópolis,Florianópolis,Brazil,Latin America,Public,,2017,Absolute target,,2013,,42,2020,,,"low carbon agriculture, implementation of green infrastructure, reduction in energy, consumption, sanitation, reducing fuel consumption",550000,2010,"(-27.5949884, -48.5481743)","(-14.235004, -51.92528)"
54650,Prefeitura de Palmas,Palmas,Brazil,Latin America,Public,,2017,Absolute target,,,,,,,,,279856,2016,"(-10.249091, -48.324286)","(-14.235004, -51.92528)"
31176,Prefeitura do Rio de Janeiro,Rio de Janeiro,Brazil,Latin America,Public,C40,2017,Absolute target,Total,2005,11402180,20,2020,,,"Target established in the municipal law that created the ""Municipal Climate Change and Sustainable Development Policy"" (5428/2011).",6498837,2016,"(-22.9054389, -43.5614471)","(-14.235004, -51.92528)"
58868,Regional Municipality of Durham,Durham,Canada,North America,Public,,2017,Absolute target,Total,2007,5021342,5,2015,,,Not sector-specific,645862,2016,"(43.936838, -78.928824)","(56.130366, -106.346771)"
58868,Regional Municipality of Durham,Durham,Canada,North America,Public,,2017,Absolute target,Total,2007,5021342,20,2020,,,,645862,2016,"(43.936838, -78.928824)","(56.130366, -106.346771)"
58868,Regional Municipality of Durham,Durham,Canada,North America,Public,,2017,Absolute target,Total,2007,5021342,80,2050,,,,645862,2016,"(43.936838, -78.928824)","(56.130366, -106.346771)"
36426,Riga City,Riga,Latvia,Europe,Public,,2017,Absolute target,Total,1990,4295,54,2020,,,(Thousand tonnes) Regarding Sustainable Energy Action Plan 2014-2020,641423,2017,"(56.9496, 24.1052)","(56.8796, 24.6032)"
58781,Ringkøbing-Skjern Kommune,Ringkøbing-Skjern,Denmark,Europe,Public,,2017,Absolute target,Total,2007,491364,100,2020,,,"http://www.energi2020.dk/english, See information given in ""My Covenant for Climate and Energy""",58176,2012,"(56.0447, 8.5059)","(56.26392, 9.501785)"
31177,Salt Lake City,Salt Lake City,USA,North America,Public,,2017,Absolute target,,2009,4943904,80,2040,,,,192672,2015,"(40.7608, -111.891)","(37.09024, -95.712891)"
50672,Santarém,Santarém,Portugal,Europe,Public,,2017,Absolute target,Total,2006,337112,21,2020,,,,61752,2011,"(39.236669, -8.685994)","(39.399872, -8.224454)"
35993,Singapore Government,Singapore ,Singapore,South Asia and Oceania,Public,C40,2017,Base year intensity target,Other: Nation-wide,2005,0.18,36,2030,,Metric tonnes of CO2e per unit GDP,"As part of the Paris Agreement, Singapore pledged to reduce our emissions intensity by 36% below 2005 levels by 2030 and to stabilise our emissions with the aim of peaking around 2030",5600000,2016,"(1.352083, 103.819836)","(1.352083, 103.819836)"
58488,Sonderborg Kommune,Sonderborg,Denmark,Europe,Public,,2017,Absolute target,,2007,4763894,25,2015,,,,74801,2017,"(54.913811, 9.792178)","(56.26392, 9.501785)"
58488,Sonderborg Kommune,Sonderborg,Denmark,Europe,Public,,2017,Absolute target,,2007,4763894,50,2020,,,,74801,2017,"(54.913811, 9.792178)","(56.26392, 9.501785)"
58488,Sonderborg Kommune,Sonderborg,Denmark,Europe,Public,,2017,Absolute target,,2007,4763894,100,2029,,,,74801,2017,"(54.913811, 9.792178)","(56.26392, 9.501785)"
31165,Stadt Heidelberg,Heidelberg,Germany,Europe,Public,C40,2017,Absolute target,Total,1990,915000,95,2050,,,,146333,2015,"(49.398752, 8.672434)","(51.165691, 10.451526)"
35449,Stadt Zürich,Zürich,Switzerland,Europe,Public,,2017,Absolute target,Total,2005,,28,2020,,,The baseline emission and the target emission are measured in tonnes CO2e per person per year.Target for 2050: 1.0 tonnes CO2e per person (18% of 2005)Target for 2035: 2.5 tonnes CO2e per person (45% of 2005)Target for 2020: 4.0 tonnes CO2e per person (72% of 2005),415682,2016,"(47.3686498, 8.5391825)","(46.818188, 8.227512)"
35449,Stadt Zürich,Zürich,Switzerland,Europe,Public,,2017,Absolute target,Total,2005,,55,2035,,,,415682,2016,"(47.3686498, 8.5391825)","(46.818188, 8.227512)"
35449,Stadt Zürich,Zürich,Switzerland,Europe,Public,,2017,Absolute target,Total,2005,,82,2050,,,,415682,2016,"(47.3686498, 8.5391825)","(46.818188, 8.227512)"
54389,Taichung City Government,Taichung,Taiwan,East Asia,Public,,2017,Absolute target,Total,2011,,10,2022,,,,2750000,2016,"(24.161859, 120.646967)","(23.6978, 120.9605)"
54386,Tainan City Government,Tainan ,Taiwan,East Asia,Public,,2017,Absolute target,Total,2005,19510422,50,2050,,,,1886033,2016,"(22.9999, 120.2269)","(23.69781, 120.960515)"
54386,Tainan City Government,Tainan ,Taiwan,East Asia,Public,,2017,Absolute target,Total,2005,19510422,20,2030,,,,1886033,2016,"(22.9999, 120.2269)","(23.69781, 120.960515)"
31446,Taipei City Government,Taipei,Taiwan,East Asia,Public,,2017,Absolute target,Total,2005,13108260,25,2030,,,,2695704,2016,"(25.037525, 121.563782)","(23.69781, 120.960515)"
31446,Taipei City Government,Taipei,Taiwan,East Asia,Public,,2017,Absolute target,Total,2005,13108260,50,2050,,,,2695704,2016,"(25.037525, 121.563782)","(23.69781, 120.960515)"
31446,Taipei City Government,Taipei,Taiwan,East Asia,Public,,2017,Absolute target,,,,,,,,,2695704,2016,"(25.037525, 121.563782)","(23.69781, 120.960515)"
54395,Taoyuan City Government,Taoyuan,Taiwan,East Asia,Public,,2017,Absolute target,Total,2005,30474326,50,2050,,,In accordance with Central Government policy,2153521,2017,"(24.993113, 121.301028)","(23.6978, 120.9605)"
58537,Tarnów,Tarnów,Poland,Europe,Public,,2017,Absolute target,,2013,,8.46,2020,,,Data based on plan mentioned in 7.1. a - row 3,110644,2015,"(50.012101, 20.985841)","(51.919438, 19.145136)"
60126,Tartu City Council,Tartu,Estonia,Europe,Public,,2017,Base year intensity target,,,,,,,,,150528,2011,"(58.380049, 26.72194)","(58.5953, 25.0136)"
50211,Tbilisi City,Tbilisi,Georgia,Europe,Public,,2017,Absolute target,,2010,,24,2020,,,,1113000,2016,"(41.715138, 44.827096)","(40.786168, -81.288192)"
35885,Tel Aviv-Yafo Municipality,Tel Aviv-Yafo ,Israel,South and West Asia,Public,,2017,Absolute target,,2000,,20,2020,,,Underlying assumption that government policies would align with city targets. However government targets were BAU based.,432900,2014,"(32.081604, 34.782285)","(31.046051, 34.851612)"
43930,The Hague,The Hague,Netherlands,Europe,Public,,2017,Absolute target,Total,1990,3000000,30,2020,,,"According to RIS180175a Klimaatplan Den Haag, Bijlage 1 De Haagse klimaatopgave in cijfers, and having as 1990 as the base year when CO2 emissions were almost 3000 kton, a minimum of 900 kton should be reduced by 2020 to achieve the 30% reduction target. In 2009 the CO2 emissions amounted to approximately 2700 kton, a reduction of 300 kton since 1990. In order to achieve the 2020 target, 600 kton should be reduced in the next years.",515739,2015,"(52.070498, 4.3007)","(52.132633, 5.291266)"
43930,The Hague,The Hague,Netherlands,Europe,Public,,2017,Absolute target,Total,1990,3000000,100,2040,,,,515739,2015,"(52.070498, 4.3007)","(52.132633, 5.291266)"
31111,Tokyo Metropolitan Government,Tokyo,Japan,East Asia,Public,C40,2017,Absolute target,Total,2000,62100000,30,2030,,,,13646764,2017,"(35.6896342, 139.6921007)","(36.204824, 138.252924)"
19233,Torres Vedras Municipality,Torres Vedras ,Portugal,Europe,Public,,2017,Absolute target,,2009,,29,2020,,,"Torres Vedras SEAP is an integrated plan to reduce emissions of the community and local government operations, the amount provided for emission reduction is a global value. In the plan are set 61 actions for the community and the local government operations.",79465,2011,"(38.763669, -9.30148)","(39.399872, -8.224454)"
60602,"Town of Ajax, ON","Ajax, ON",Canada,North America,Public,,2017,Absolute target,Total,2005,521620,6,2020,,,,109600,2011,"(43.850855, -79.020373)","(56.130366, -106.346771)"
58621,Town of Blacksburg,Blacksburg,USA,North America,Public,,2017,Absolute target,Other: Public,1990,276411,80,2050,,,"We are undertaking an 80% reduction in community-wide emissions below 1990 levels by 2050. This equates to a goal of roughly 55,297 metric tonnes of CO2e by 2050. The sectors for which emissions were measured were: residential, commercial, industrial, municipal and transportation.  There are strategies addressing each of these sectors in the resulting plan.  There are a handful of additional sectors that were included in the plan even though they were not part of our initial GHG inventory.  These include: food, waste & recycling, land use, and clean energy.",44215,2015,"(37.2296, -80.4139)","(37.09024, -95.712891)"
59535,"Town of Vail, CO","Vail, CO",USA,North America,Public,,2017,Absolute target,,2009,,20,2020,,,,5305,2010,"(39.6403, -106.3742)","(37.09024, -95.712891)"
35755,Village of Kadiovacik,Kadiovacik,Turkey,Europe,Public,,2017,Absolute target,,,,,,,,,218,2017,"(38.3434574, 26.553613)","(38.963745, 35.243322)"
36002,Ville de Kinshasa,Ville de Kinshasa,Democratic Republic of Congo,Africa,Public,,2017,Baseline scenario (business as usual) target,,,,,,,,,10000000,2017,"(-4.441931, 15.266293)","(-4.038333, 21.758664)"
50792,Ville de Monaco,Monaco,Monaco,Europe,Public,,2017,Absolute target,,1990,,30,2020,,,Kyoto Protocol - Second period,38400,2015,"(43.737411, 7.420816)","(43.738418, 7.424616)"
50792,Ville de Monaco,Monaco,Monaco,Europe,Public,,2017,Absolute target,,1990,,22,2020,,,Kyoto Protocol - QUELRO 2012-2020,38400,2015,"(43.737411, 7.420816)","(43.738418, 7.424616)"
35894,Ville de Montreal,Montreal,Canada,North America,Public,C40,2017,Absolute target,Total,1990,14786,30,2020,,, Baseline emissions have been updated. Please refer to 2013 city-wide inventory produced in 2016 (http://ville.montreal.qc.ca/pls/portal/docs/PAGE/ENVIRO_FR/MEDIA/DOCUMENTS/invent_ges_collectivite_2013_fr.PDF),1959987,2013,"(45.5086699, -73.5539925)","(56.130366, -106.346771)"
59160,Ville de Nyon,Nyon,Switzerland,Europe,Public,,2017,Base year intensity target,Stationary energy (buildings),2016,3,46,,,Metric tonnes of CO2e per capita,,20675,2016,"(46.383268, 6.234785)","(46.818188, 8.227512)"
60680,Ville de Salaberry-de-Valleyfield,Salaberry-de-Valleyfield,Canada,North America,Public,,2017,Absolute target,,2009,,20,2020,,,,40905,2017,"(45.250091, -74.133086)","(56.130366, -106.346771)"
36154,Vilnius City Municipality,Vilnius ,Lithuania,Europe,Public,,2017,Absolute target,Total,2003,1734000,26.2,2020,,,this target is set under SEP (Covenant of Mayors methodology).,542626,2015,"(54.687156, 25.279651)","(55.169438, 23.881275)"
43937,Wellington City Council,Wellington,New Zealand,South Asia and Oceania,Public,,2017,Absolute target,Total,2001,1105654,10,2020,,,,209102,2017,"(26.661763, -80.268357)","(-40.900557, 174.885971)"
43937,Wellington City Council,Wellington,New Zealand,South Asia and Oceania,Public,,2017,Absolute target,Total,2001,1105654,40,2030,,,,209102,2017,"(26.661763, -80.268357)","(-40.900557, 174.885971)"
43937,Wellington City Council,Wellington,New Zealand,South Asia and Oceania,Public,,2017,Absolute target,Total,2001,1105654,65,2040,,,,209102,2017,"(26.661763, -80.268357)","(-40.900557, 174.885971)"
43937,Wellington City Council,Wellington,New Zealand,South Asia and Oceania,Public,,2017,Absolute target,Total,2001,1105654,80,2050,,,,209102,2017,"(26.661763, -80.268357)","(-40.900557, 174.885971)"
43937,Wellington City Council,Wellington,New Zealand,South Asia and Oceania,Public,,2017,Absolute target,Other: Corporate,2014,92832,80,2050,,,,209102,2017,"(26.661763, -80.268357)","(-40.900557, 174.885971)"
69835,Municipalidad de Yala,Yala,Argentina,Latin America,Public,,2017,Absolute target,,,,,,,,,4811,2011,"43 130026
(41.112598, -112.051762)","(-38.416097, -63.616672)"
